Date,STOCK01,STOCK02,STOCK03,STOCK04,STOCK05,STOCK06,STOCK07,STOCK08,STOCK09,STOCK10,STOCK11,STOCK12,STOCK13,STOCK14,STOCK15,STOCK16,STOCK17,STOCK18,STOCK19,STOCK20,STOCK21,STOCK22,STOCK23,STOCK24,STOCK25,STOCK26,STOCK27,STOCK28,STOCK29,STOCK30
2024-05-14,123.49,285.2,222.76,186.0,62.97,63.99,36.05,259.14,188.08,215.17,25.8,287.17,249.25,78.93,70.72,70.95,104.4,165.46,138.58,100.25,190.08,59.28,101.91,120.95,147.52,238.48,75.3,163.99,186.49,33.12
2024-05-15,122.51,283.18,222.07,186.39,62.55,63.66,35.63,255.74,187.96,215.92,25.77,289.23,250.45,78.79,71.03,71.86,104.78,167.86,136.87,101.13,190.28,59.18,101.96,119.25,146.85,238.28,75.83,163.15,185.11,32.92
2024-05-16,123.68,285.6,222.72,188.16,63.01,64.51,35.73,256.99,188.75,215.24,25.87,290.7,251.41,78.96,70.58,71.78,104.67,167.12,136.77,101.42,194.08,59.99,103.45,120.76,146.8,240.79,76.68,167.67,187.22,33.4
2024-05-17,123.69,283.0,223.87,188.98,63.36,64.18,36.08,254.94,189.56,218.56,25.64,287.91,249.88,78.15,69.31,71.15,102.97,165.96,134.61,101.41,192.43,59.52,103.42,119.15,146.08,241.45,75.48,166.82,186.39,33.37
2024-05-20,122.22,278.07,222.29,187.51,62.88,63.75,35.6,252.95,188.19,215.57,26.09,291.83,250.47,79.21,69.51,72.15,104.76,166.77,136.8,102.75,194.09,60.74,104.36,119.75,146.52,242.06,75.99,168.41,188.14,33.82
2024-05-21,122.28,281.45,222.93,192.01,63.69,63.96,35.64,255.66,189.37,218.25,26.25,292.96,249.96,78.56,69.31,72.55,104.97,165.5,136.93,103.01,192.69,60.59,104.07,118.41,146.18,241.93,76.26,169.12,186.03,33.5
2024-05-22,122.96,283.6,224.91,198.57,64.71,65.29,36.37,260.58,191.86,222.66,26.13,291.93,248.48,78.34,70.22,71.6,105.22,163.44,136.1,103.42,193.22,60.22,103.45,118.73,145.27,241.81,76.15,168.09,188.29,33.62
2024-05-23,120.55,280.71,221.32,197.29,63.64,64.44,36.05,259.01,188.21,219.51,25.96,289.11,250.13,78.34,69.44,71.78,106.44,164.42,134.7,102.96,195.32,60.23,104.16,119.92,145.16,242.8,74.82,167.21,188.13,33.36
2024-05-24,122.58,280.36,221.9,198.47,64.62,64.26,36.54,260.72,188.21,221.48,26.05,288.45,250.45,78.2,69.52,72.14,107.71,163.46,136.85,101.94,195.31,60.54,104.62,119.73,145.22,242.38,74.61,168.27,188.82,33.26
2024-05-27,123.74,282.68,224.75,201.04,64.85,64.55,37.01,264.0,189.86,223.63,26.43,289.79,253.38,78.77,70.0,73.28,109.32,166.01,139.52,103.13,197.26,60.83,105.53,120.45,146.3,245.04,74.75,171.8,189.12,33.25
2024-05-28,125.23,286.57,228.0,204.17,65.62,64.92,37.43,265.73,193.13,225.93,26.27,288.27,253.24,78.23,69.34,73.06,109.02,164.75,138.44,102.78,194.69,59.72,103.78,118.74,144.7,244.39,74.35,169.83,187.1,32.68
2024-05-29,125.26,286.0,228.41,202.98,65.78,65.57,37.45,266.69,194.26,225.72,26.34,288.85,253.91,77.97,69.42,73.38,110.26,166.28,140.94,102.77,196.6,60.18,106.19,119.38,145.29,245.56,73.89,170.31,187.27,32.89
2024-05-30,125.74,291.03,231.9,204.18,65.97,66.32,37.43,271.99,197.52,227.18,25.95,289.6,252.64,78.31,68.48,72.75,109.7,165.48,139.81,102.65,194.71,59.79,105.68,119.16,145.33,242.74,72.76,170.7,186.69,32.56
2024-05-31,127.75,294.14,236.3,206.84,67.77,68.14,38.0,278.37,201.86,233.39,25.79,290.55,254.58,77.49,67.87,71.58,109.04,165.53,140.66,102.4,198.37,59.85,105.18,119.65,146.36,243.88,72.1,171.11,185.62,32.77
2024-06-03,128.27,292.7,235.35,205.02,67.54,68.39,37.67,278.53,200.65,231.51,25.76,287.91,252.54,76.44,68.33,71.28,108.04,164.94,139.87,101.74,199.39,60.37,105.28,119.62,146.51,240.69,71.38,172.51,187.66,32.75
2024-06-04,129.07,294.57,241.94,208.96,68.35,68.8,37.7,281.76,201.72,231.59,25.64,284.87,254.39,76.78,68.3,71.98,108.21,164.17,141.37,102.26,197.72,60.03,104.11,117.67,146.2,242.04,70.32,172.0,185.67,32.43
2024-06-05,128.36,291.62,240.64,206.55,68.0,68.33,37.39,278.13,199.43,230.91,25.74,283.23,254.36,77.14,67.54,72.13,107.62,164.54,140.48,100.87,194.34,59.41,103.22,115.76,145.19,236.78,69.43,168.51,182.43,32.0
2024-06-06,127.31,289.34,241.01,204.91,68.07,67.55,37.34,279.6,195.51,228.54,25.88,283.57,255.62,77.04,67.72,72.21,108.69,165.32,141.25,100.94,193.4,59.04,103.09,115.02,144.9,239.3,69.73,168.01,183.71,31.9
2024-06-07,124.79,283.64,234.19,200.62,66.79,67.03,36.78,274.45,193.23,221.47,25.87,284.95,253.09,77.52,67.86,72.02,109.13,167.91,141.72,101.33,192.15,58.37,102.99,113.7,144.0,236.93,69.46,167.26,183.79,31.61
2024-06-10,124.5,281.08,232.45,200.15,66.84,66.37,36.83,275.93,193.24,223.72,25.67,280.88,247.75,77.44,67.53,71.37,108.39,165.24,142.72,100.65,192.17,58.69,103.54,114.19,143.65,238.21,70.54,169.5,186.75,31.71
2024-06-11,123.32,279.25,231.17,200.55,65.79,66.66,36.62,273.83,190.96,219.99,25.86,282.19,246.44,76.85,67.35,72.14,108.31,163.71,142.43,100.41,186.97,57.71,101.66,112.82,143.2,236.77,69.53,166.1,187.4,31.35
2024-06-12,123.39,279.33,231.61,200.5,65.56,66.4,36.59,272.64,189.84,219.79,25.8,285.19,242.38,77.28,67.9,71.19,107.92,163.05,140.84,99.61,184.86,58.12,102.2,113.87,144.23,235.65,69.41,166.88,186.21,31.52
2024-06-13,123.14,278.21,232.33,200.99,65.4,66.9,36.35,273.7,190.64,219.48,25.89,283.01,243.71,77.21,67.66,71.67,107.47,161.51,139.23,99.8,182.56,58.5,100.42,114.53,143.9,234.67,68.9,166.64,185.46,31.63
2024-06-14,123.33,278.84,232.06,201.07,65.58,66.19,35.99,274.56,190.61,218.95,25.9,283.86,243.04,76.8,67.69,71.13,107.58,159.45,139.81,99.91,182.99,59.04,102.09,116.23,143.37,234.23,68.99,167.51,187.04,31.65
2024-06-17,123.61,277.58,230.84,198.67,64.89,65.24,35.52,274.44,188.14,221.18,26.01,284.93,242.19,77.27,67.56,71.3,109.64,159.96,141.42,99.9,182.94,59.87,102.14,118.2,145.03,235.07,69.77,169.87,189.36,31.59
2024-06-18,122.77,275.94,229.63,198.59,64.72,64.4,35.43,274.27,188.04,221.91,26.22,287.33,243.54,76.81,68.0,71.68,110.3,159.29,140.88,100.87,182.93,60.21,102.38,118.48,146.3,235.02,70.01,169.83,189.29,31.6
2024-06-19,123.09,275.36,231.84,197.88,64.73,64.29,35.81,275.2,189.77,220.38,26.31,290.03,244.88,77.79,68.21,72.82,112.87,160.42,141.76,102.76,186.17,60.63,103.04,119.28,146.15,235.12,69.94,169.78,190.06,31.79
2024-06-20,125.06,275.83,235.11,199.31,65.25,65.13,35.86,278.13,191.56,222.97,26.43,296.8,246.37,78.24,68.51,73.12,113.22,162.82,144.23,103.27,185.15,60.73,102.55,119.61,146.23,232.55,70.52,171.71,189.4,31.71
2024-06-21,125.47,277.16,237.0,203.09,65.67,65.24,35.75,278.22,192.42,226.7,26.33,296.81,246.07,78.81,69.77,73.13,113.21,164.42,145.41,104.97,186.57,60.87,103.43,121.21,148.11,235.25,71.65,174.72,193.16,32.21
2024-06-24,125.31,277.32,239.09,202.37,65.9,65.17,35.8,280.93,193.07,227.28,26.0,296.42,246.0,79.74,69.59,73.17,113.33,166.11,145.43,105.24,187.83,61.23,103.59,121.85,149.86,234.89,72.03,174.7,195.5,32.04
2024-06-25,124.66,277.34,241.45,202.55,65.73,66.05,35.54,277.15,193.54,226.48,25.74,296.38,245.55,79.17,68.69,73.2,113.3,165.31,146.62,104.19,184.97,60.33,102.4,120.69,147.98,232.83,70.65,174.31,193.28,31.93
2024-06-26,125.14,279.04,243.4,204.21,66.4,67.09,35.86,280.71,195.09,230.61,25.62,300.05,246.28,78.61,68.82,72.95,114.0,164.79,146.29,102.93,184.43,59.11,100.37,119.96,147.26,231.34,69.57,172.56,191.4,31.38
2024-06-27,127.09,283.66,245.95,206.63,67.27,66.94,36.16,282.11,195.55,232.11,26.12,305.32,248.74,79.97,70.47,74.57,115.95,166.83,149.36,104.93,186.79,59.96,102.27,121.08,150.45,234.89,71.56,174.51,196.62,31.94
2024-06-28,126.31,281.57,244.15,206.1,67.19,66.39,35.97,284.8,197.17,232.3,26.13,305.69,250.03,79.54,70.37,73.72,116.06,167.32,148.75,105.91,184.54,58.84,101.28,120.65,150.8,232.44,71.52,173.27,195.05,31.91
2024-07-01,127.19,279.25,246.73,208.67,67.21,66.84,36.25,286.66,197.43,232.33,26.15,308.83,252.14,79.76,71.09,72.71,117.31,166.03,148.77,105.37,182.4,59.01,100.63,120.48,150.24,232.4,71.34,171.29,195.59,31.7
2024-07-02,125.28,275.82,246.96,208.44,66.65,66.26,35.93,288.68,196.88,231.81,26.41,311.16,253.25,80.11,71.45,73.09,118.53,167.09,150.41,106.0,182.64,58.13,100.81,120.41,150.91,227.52,72.05,170.71,196.54,31.43
2024-07-03,126.1,274.62,246.04,211.23,66.73,66.51,36.24,290.61,197.81,233.26,27.07,315.77,257.45,81.97,73.23,75.05,121.39,169.18,155.01,107.36,183.87,58.1,101.09,121.06,151.79,229.1,73.17,172.23,197.44,31.82
2024-07-04,127.66,273.99,248.09,213.37,67.01,67.53,36.46,292.91,199.0,234.93,26.82,310.62,258.12,80.98,72.2,73.32,119.58,165.79,154.8,106.88,182.58,58.9,102.08,121.31,149.75,232.92,72.71,170.67,198.93,32.38
2024-07-05,129.49,277.64,251.79,217.18,68.24,68.6,37.01,296.98,200.82,237.72,26.44,308.09,254.27,79.57,71.47,73.21,119.16,162.6,152.24,106.4,180.95,58.51,101.92,119.93,148.97,229.45,71.89,169.72,195.35,32.2
2024-07-08,129.51,278.95,252.7,219.83,68.6,68.72,37.19,299.35,201.84,238.92,26.29,305.54,250.4,79.95,70.49,72.38,117.71,162.28,150.83,106.48,179.75,58.41,100.98,121.2,147.52,229.25,72.01,169.84,194.76,32.11
2024-07-09,129.62,278.8,254.57,223.81,68.72,68.41,37.3,305.62,201.84,242.7,26.77,307.62,253.87,81.75,71.24,73.2,118.72,163.12,151.87,106.76,180.27,58.21,101.2,119.98,147.65,230.34,71.04,169.94,196.04,31.83
2024-07-10,131.86,282.67,256.22,226.03,69.69,69.19,37.85,307.22,204.25,243.05,26.79,305.81,252.14,82.24,71.72,73.53,117.97,162.78,153.07,106.93,184.78,59.29,103.02,121.75,150.22,233.93,72.56,173.97,198.51,32.1
2024-07-11,129.51,280.83,251.83,220.08,68.87,69.4,37.41,305.41,202.14,240.26,26.99,306.31,253.42,82.73,71.68,74.28,118.33,162.62,154.17,106.71,184.68,59.25,103.79,122.35,150.53,235.77,73.47,175.37,199.46,31.97
2024-07-12,128.19,278.47,248.97,218.0,68.32,69.07,37.1,304.0,200.71,235.37,26.71,303.93,249.39,82.3,71.82,74.4,117.52,163.34,153.63,106.0,183.27,58.8,102.86,121.66,149.71,234.27,73.21,175.72,199.71,31.51
2024-07-15,125.01,276.4,243.49,214.44,66.74,67.09,36.55,300.1,196.48,227.26,26.49,303.02,245.45,81.75,71.27,74.13,116.78,161.14,153.67,105.16,182.58,58.15,101.87,120.01,148.24,234.94,72.02,172.38,199.76,31.2
2024-07-16,124.23,277.71,242.28,216.87,67.12,67.0,37.14,299.87,198.02,228.48,26.86,309.47,248.78,82.4,72.37,74.73,119.82,163.53,155.44,106.74,180.67,57.41,101.97,118.8,146.21,233.98,72.08,172.15,199.96,30.89
2024-07-17,122.52,278.79,240.82,215.56,67.43,67.05,37.17,303.64,197.1,229.7,26.89,310.33,251.97,83.07,73.03,75.73,120.37,163.71,155.3,105.92,184.53,57.64,102.78,119.64,147.8,237.43,73.22,173.31,201.78,31.26
2024-07-18,122.27,282.09,242.61,217.72,68.14,68.04,37.51,303.43,199.02,230.39,26.78,311.27,254.32,83.3,73.38,76.85,121.14,167.43,156.98,105.46,186.31,58.2,104.56,121.46,149.33,238.07,73.84,173.99,202.82,31.66
2024-07-19,124.38,285.94,243.27,220.43,69.39,68.53,37.88,306.69,200.09,233.72,26.81,312.74,253.32,83.11,73.76,76.73,122.65,167.34,157.51,106.33,184.12,57.04,102.23,120.81,146.92,239.13,72.79,172.31,202.71,31.77
2024-07-22,127.02,292.43,249.18,225.49,71.14,69.68,38.42,312.58,203.7,237.47,27.09,317.52,256.13,84.88,74.12,77.51,123.43,167.01,158.87,107.22,187.69,58.08,102.98,124.0,150.52,244.24,73.98,174.23,205.64,32.53
2024-07-23,129.49,299.55,252.36,227.15,72.18,69.79,38.97,316.13,205.55,237.76,27.28,317.81,254.83,83.27,73.87,78.21,124.66,166.52,158.19,107.48,186.18,57.99,103.24,124.89,150.45,243.94,73.54,173.12,205.02,32.56
2024-07-24,130.73,299.39,256.06,228.19,72.61,69.86,38.54,319.01,207.36,238.35,27.33,319.58,252.64,82.94,74.21,77.54,124.74,164.83,158.35,107.26,183.35,58.02,102.14,123.33,149.46,243.96,72.55,171.9,204.09,32.48
2024-07-25,131.01,298.94,254.58,228.03,71.99,68.3,38.44,319.31,203.21,235.33,27.48,325.81,254.96,83.26,74.7,78.87,125.33,165.36,159.1,107.4,183.63,58.83,102.98,123.91,150.07,242.76,73.29,172.66,204.84,33.33
2024-07-26,131.45,297.8,253.77,229.69,72.1,67.69,38.66,317.98,205.72,237.28,27.37,328.49,255.55,83.93,75.2,78.72,125.16,166.9,159.25,107.43,182.08,58.76,104.21,123.07,149.97,244.91,73.3,173.28,203.57,33.43
2024-07-29,131.26,299.94,256.58,235.06,73.02,68.48,39.08,320.35,208.17,239.14,27.47,332.94,255.39,85.02,76.39,79.3,124.37,167.25,161.55,108.12,180.76,58.34,104.37,123.18,149.39,243.7,72.9,171.66,204.98,33.27
2024-07-30,132.92,305.96,261.68,237.71,74.23,69.44,39.4,325.35,209.35,244.12,27.41,333.42,256.04,84.95,76.75,79.15,125.21,166.01,161.78,109.6,179.43,57.83,104.21,122.8,149.15,243.63,72.98,172.51,205.19,33.17
2024-07-31,133.87,312.03,264.09,238.41,75.44,70.06,39.2,329.74,210.35,245.93,27.55,335.14,258.47,85.16,77.41,79.45,126.51,167.7,161.81,111.03,178.91,58.16,104.67,124.72,149.69,244.24,73.31,172.93,207.17,32.97
2024-08-01,132.52,307.55,263.54,239.6,75.04,69.65,39.02,330.72,208.24,245.2,27.81,338.28,260.6,86.39,76.63,80.25,126.72,166.57,163.04,112.55,178.74,58.58,106.18,126.61,152.57,247.87,74.11,172.88,208.76,33.09
2024-08-02,135.48,311.27,267.2,243.73,76.12,71.47,39.48,336.24,210.42,246.7,27.71,337.87,259.51,85.8,75.66,79.83,124.84,166.4,162.23,110.86,178.44,58.21,106.15,127.57,150.6,247.5,73.87,173.27,208.68,32.87
2024-08-05,135.11,308.83,268.29,243.35,77.0,71.48,39.31,332.82,207.65,243.51,27.78,339.7,257.21,86.32,75.48,79.95,126.28,167.75,162.38,110.49,174.71,57.16,104.46,124.79,148.0,243.55,72.55,169.65,205.35,32.41
2024-08-06,133.69,310.42,267.59,242.87,77.22,71.51,39.53,333.42,206.82,244.02,27.48,337.82,255.59,85.67,74.93,78.4,124.74,166.34,161.1,108.76,176.71,57.12,105.6,125.88,148.27,247.89,72.49,171.77,208.17,32.51
2024-08-07,135.62,312.52,270.32,245.42,77.85,72.55,40.13,332.96,210.51,243.74,27.81,343.57,256.4,86.19,74.98,78.84,125.34,168.32,163.69,110.67,176.23,57.0,104.18,124.61,148.43,249.54,71.69,170.42,207.23,32.43
2024-08-08,134.58,312.19,268.51,244.38,77.82,72.3,39.87,331.42,209.56,242.17,27.73,347.32,258.2,86.35,75.61,79.01,126.85,169.59,164.45,111.59,173.6,56.01,102.04,122.96,148.12,250.36,71.3,169.44,202.96,31.99
2024-08-09,133.58,309.3,266.52,241.97,76.2,71.97,39.23,328.7,210.44,238.72,27.01,341.02,255.96,86.29,74.1,78.24,124.85,167.27,165.19,109.23,173.56,56.14,102.87,123.32,148.8,250.39,71.6,169.49,204.29,32.0
2024-08-12,134.14,310.05,269.45,243.06,75.62,72.78,39.14,328.27,210.14,241.43,26.46,345.59,257.35,86.4,74.07,78.39,125.33,168.12,166.01,109.47,173.39,56.07,102.66,124.2,149.52,245.74,71.81,169.54,204.09,31.89
2024-08-13,135.71,314.65,270.6,245.83,75.79,72.66,39.23,332.13,212.87,244.01,26.7,349.05,258.03,87.2,74.99,79.41,127.43,170.55,168.09,111.4,173.86,55.83,102.55,123.52,148.63,244.98,71.26,168.7,200.88,31.79
2024-08-14,135.77,312.73,271.37,247.3,75.0,72.19,38.94,329.14,213.32,242.99,26.62,342.92,257.26,85.88,74.4,78.91,127.59,167.92,163.46,110.45,176.7,56.89,104.01,124.7,151.31,246.59,72.37,171.43,204.97,32.83
2024-08-15,136.35,312.32,271.65,244.49,74.53,71.82,38.7,328.4,211.48,243.9,26.62,342.84,256.58,85.9,74.79,78.47,126.96,167.39,161.78,109.6,175.77,57.1,104.14,124.85,152.22,246.64,72.64,171.54,205.59,32.75
2024-08-16,133.12,307.57,270.54,243.23,74.26,71.77,38.41,326.28,209.01,241.43,26.75,347.04,257.9,86.13,75.18,79.2,126.46,165.58,161.64,108.98,174.78,56.82,103.37,125.52,152.15,246.57,72.8,169.97,206.53,32.68
2024-08-19,134.07,306.3,267.77,244.18,74.4,71.31,38.14,328.13,207.14,243.62,26.52,347.04,256.45,86.17,74.67,78.83,126.01,163.85,161.7,108.17,174.31,56.27,100.95,124.12,153.17,246.12,72.32,168.59,205.2,32.58
2024-08-20,132.55,306.98,268.29,244.97,74.57,71.31,38.31,329.55,206.82,242.84,26.56,351.7,255.53,85.54,74.82,78.94,126.3,164.33,161.7,109.39,171.68,55.42,99.76,121.3,150.88,245.47,71.45,166.79,201.03,32.03
2024-08-21,132.11,305.64,270.1,245.9,74.04,71.37,38.42,332.08,209.19,241.67,26.36,346.72,253.06,85.1,74.76,78.39,125.2,163.37,159.72,110.1,168.92,54.97,100.34,120.68,149.91,243.56,70.95,167.34,197.12,32.15
2024-08-22,130.29,302.51,266.84,244.52,72.57,70.83,38.55,326.23,207.44,238.33,26.44,347.18,252.17,85.39,75.75,78.51,126.15,162.49,159.07,110.64,171.26,55.55,100.99,121.67,149.83,246.21,71.9,168.19,198.03,32.45
2024-08-23,129.78,301.68,270.37,244.54,72.5,70.58,38.76,326.16,206.72,240.53,26.83,348.61,250.49,86.3,75.76,79.26,125.09,163.99,158.39,111.51,171.45,55.19,100.51,121.95,149.71,246.85,72.81,166.58,200.12,32.5
2024-08-26,128.67,297.0,267.58,243.86,71.86,70.74,38.13,323.58,203.39,239.02,27.03,348.88,246.41,86.22,75.84,79.36,126.0,162.81,158.98,112.35,168.32,54.71,99.11,120.52,148.38,243.34,71.65,164.62,196.3,31.86
2024-08-27,129.6,295.61,269.18,245.24,71.22,70.48,38.45,321.88,202.88,239.81,27.26,349.94,246.38,87.37,77.17,80.49,127.14,163.3,159.35,113.57,169.26,55.54,100.39,120.35,150.52,243.71,71.99,166.05,200.36,32.8
2024-08-28,130.44,296.37,271.2,247.93,71.48,71.75,38.79,325.42,205.41,242.52,27.53,350.57,246.56,87.01,77.57,81.13,127.97,165.78,160.16,114.66,167.84,55.15,100.39,120.62,149.84,242.9,71.04,164.95,200.65,32.8
2024-08-29,131.14,297.5,272.18,247.65,72.01,72.21,39.07,325.66,203.27,244.88,27.43,347.47,246.71,86.5,77.85,81.28,128.33,164.07,161.1,114.69,167.32,55.12,98.96,120.4,148.16,239.36,69.84,164.85,198.36,32.88
2024-08-30,130.49,292.64,267.8,247.31,71.34,71.33,38.76,323.86,203.05,245.34,27.31,342.81,244.27,85.99,76.77,80.06,127.42,162.52,159.65,113.07,166.59,54.53,99.01,120.77,145.86,236.64,68.72,162.93,196.71,32.31
2024-09-02,129.35,288.81,266.04,245.53,70.45,70.81,38.3,320.44,203.49,245.59,26.93,342.17,244.27,84.92,76.73,80.5,126.0,160.79,159.9,112.76,167.28,54.78,99.58,120.07,147.17,239.24,68.9,163.52,195.46,32.51
2024-09-03,130.14,289.77,269.24,246.4,71.11,70.74,38.49,321.67,204.8,246.23,26.93,344.56,244.17,84.11,77.63,81.4,125.29,161.85,159.75,113.2,167.98,54.84,99.23,119.57,146.19,237.54,68.71,162.36,195.79,32.75
2024-09-04,129.44,289.44,269.6,246.89,71.1,71.07,38.62,319.22,205.93,247.76,26.74,343.28,244.45,83.77,77.99,82.6,124.73,160.38,159.94,113.67,167.66,55.43,98.58,120.24,145.82,240.59,69.83,162.25,195.83,33.06
2024-09-05,128.99,288.78,269.1,243.05,70.74,70.38,38.28,320.37,203.19,247.65,26.65,341.76,245.14,83.86,78.23,83.13,124.55,159.8,158.78,112.96,172.5,56.91,99.59,121.2,148.59,245.4,71.27,164.76,198.99,33.69
2024-09-06,129.16,283.95,267.1,240.08,70.3,71.32,38.21,318.45,203.6,247.58,26.76,344.2,249.92,83.87,79.0,83.19,125.78,159.87,159.28,113.37,174.27,57.69,99.56,122.04,148.83,244.68,71.48,165.11,203.05,33.98
2024-09-09,127.44,280.46,266.57,241.86,69.23,69.96,38.38,317.21,201.16,246.77,26.05,338.66,246.49,83.12,77.34,81.96,123.09,157.57,155.82,111.21,172.04,57.48,99.51,121.2,148.04,240.93,70.83,163.86,205.13,33.54
2024-09-10,129.37,285.31,270.4,248.06,70.49,71.27,39.0,325.07,206.16,250.19,25.79,336.59,243.78,82.52,77.48,81.28,122.35,156.72,155.81,108.99,171.33,57.48,100.29,120.94,146.21,241.55,70.45,162.29,203.76,33.4
2024-09-11,128.64,279.42,269.54,248.32,70.38,70.35,38.69,322.9,205.62,249.75,25.59,335.14,243.46,83.07,77.74,81.66,122.43,158.24,156.43,108.54,173.65,58.25,100.95,121.61,147.72,244.4,71.19,164.14,208.05,34.0
2024-09-12,128.94,281.97,268.66,249.6,71.48,70.6,38.66,322.83,204.87,249.17,25.51,330.92,242.12,83.14,76.92,82.07,122.39,158.81,155.35,108.83,171.83,58.31,100.73,121.71,146.18,242.01,71.15,162.43,207.69,33.54
2024-09-13,130.09,280.74,270.24,251.45,71.41,71.1,38.87,322.89,204.19,246.61,25.62,327.68,241.8,82.83,77.12,81.79,121.91,159.28,155.48,108.93,172.69,57.78,101.15,122.25,145.29,241.54,71.09,162.2,208.02,33.85
2024-09-16,131.56,279.73,272.29,254.91,72.05,72.12,39.71,328.27,206.67,250.97,25.71,328.74,241.93,83.96,77.05,82.97,122.98,158.71,156.6,107.96,174.18,58.54,101.58,123.28,148.42,243.14,71.26,165.24,212.83,34.23
2024-09-17,132.95,284.58,273.66,256.33,73.27,73.67,40.33,330.27,211.81,253.28,25.69,329.78,245.08,84.86,77.72,83.77,123.86,160.4,155.11,108.35,175.09,58.25,101.95,123.3,150.44,246.62,71.4,165.84,213.69,34.28
2024-09-18,133.26,283.3,271.18,256.7,73.44,73.17,40.49,328.44,211.79,254.25,25.68,330.96,244.47,84.76,77.61,83.31,123.59,158.55,154.23,107.85,174.6,58.04,101.65,123.4,151.07,245.32,70.71,164.26,212.28,34.07
2024-09-19,132.29,279.2,268.08,254.72,73.1,72.31,40.03,323.49,209.71,250.38,25.79,326.93,243.01,84.61,77.43,84.58,123.81,157.44,153.97,106.46,174.2,57.54,101.89,122.6,150.43,243.39,71.25,163.47,214.26,34.2
2024-09-20,132.98,280.95,270.05,252.55,73.13,72.87,40.13,321.32,209.98,253.64,26.13,329.44,246.68,85.22,77.23,84.66,125.91,158.36,154.86,107.02,177.8,59.04,105.42,125.18,154.06,246.25,73.46,165.77,219.12,34.68
2024-09-23,132.26,278.2,267.32,249.86,72.29,72.68,39.53,319.08,209.94,250.89,25.92,327.13,247.39,85.04,76.7,84.61,124.55,158.39,154.69,106.43,176.09,58.26,104.9,125.3,152.47,245.38,71.98,163.8,217.21,34.17
2024-09-24,131.08,275.28,265.97,247.87,70.68,70.94,38.9,316.12,203.66,246.6,25.73,329.08,246.43,85.12,76.68,83.3,124.8,158.22,154.85,109.02,172.22,58.26,103.77,124.4,151.08,242.5,71.04,162.55,212.98,33.98
2024-09-25,130.58,272.23,263.64,248.51,70.1,70.75,38.53,316.02,203.61,248.56,25.68,330.43,246.8,85.99,76.52,83.89,124.99,158.57,155.35,109.49,172.06,58.33,105.01,125.7,152.74,243.18,70.99,164.36,215.39,34.52
2024-09-26,129.85,270.85,259.43,246.03,70.04,70.06,38.42,313.57,202.69,245.09,25.68,322.52,244.19,84.18,76.24,83.45,124.16,158.7,153.1,109.79,173.33,58.43,106.2,125.35,152.39,242.76,70.87,163.42,217.27,34.51
2024-09-27,130.36,270.3,256.16,245.8,68.94,69.69,37.88,315.85,203.0,244.3,26.0,322.64,246.31,84.79,76.84,84.72,125.73,160.33,152.71,109.9,173.24,58.47,105.34,127.27,154.26,244.62,71.2,163.88,216.77,34.65
2024-09-30,130.75,268.15,256.34,245.26,67.94,69.02,37.6,318.31,203.05,241.4,26.12,319.49,247.78,84.51,76.75,85.43,124.72,158.75,151.88,110.44,170.59,56.64,103.16,125.42,152.82,239.91,69.82,162.35,210.64,33.96
2024-10-01,131.05,269.53,256.11,245.77,66.9,68.63,37.65,315.77,202.69,241.6,26.03,319.29,245.65,84.1,76.79,85.27,123.87,158.46,152.12,108.66,172.45,56.84,104.02,127.27,152.56,240.23,70.07,162.34,214.07,33.96
2024-10-02,130.38,269.18,253.25,243.92,66.69,68.14,37.43,312.95,199.49,240.46,26.47,322.4,248.44,85.37,76.96,87.1,125.46,162.06,153.32,111.33,174.0,57.42,104.97,128.04,155.0,242.63,69.77,162.32,215.2,34.25
2024-10-03,130.35,271.83,250.54,244.11,65.85,68.34,37.35,313.35,198.1,242.07,26.75,325.95,250.2,86.39,77.25,88.3,127.97,164.89,154.26,112.77,172.08,57.34,104.89,125.94,152.82,240.35,69.09,159.72,213.83,34.01
2024-10-04,130.15,269.99,251.73,246.79,65.74,68.12,37.49,312.86,198.02,243.38,26.26,325.88,248.63,85.57,76.64,87.62,125.54,165.07,153.09,112.22,173.59,57.16,105.45,126.05,154.09,237.68,69.13,159.25,214.6,34.15
2024-10-07,129.29,267.42,250.03,243.7,65.62,67.51,36.5,309.12,194.74,238.24,25.9,323.28,248.95,85.25,75.9,87.36,124.44,163.3,150.92,110.11,172.47,56.95,104.92,125.1,152.29,237.16,68.12,158.98,211.83,33.74
2024-10-08,127.46,264.13,249.36,242.66,65.6,67.35,36.03,306.48,192.45,238.64,25.57,323.07,249.33,86.09,75.65,87.69,126.34,162.9,149.56,108.76,173.56,56.29,104.4,125.13,152.14,237.36,68.11,160.13,210.39,33.55
2024-10-09,126.53,264.76,250.59,243.46,66.2,66.96,36.48,310.4,194.1,242.49,25.18,318.99,245.48,85.54,74.31,87.12,126.13,162.07,148.47,107.07,172.05,56.56,104.84,125.09,151.68,233.95,67.44,161.62,208.16,33.49
2024-10-10,127.86,263.81,251.61,245.85,66.5,68.59,36.34,314.49,195.2,245.37,25.33,318.44,246.38,84.61,74.59,87.32,126.75,163.42,149.13,107.42,170.85,56.04,105.17,125.97,151.28,233.72,66.94,162.56,208.84,33.91
2024-10-11,126.79,261.74,250.53,245.62,66.1,67.86,36.35,314.47,193.17,246.35,25.62,320.87,248.24,85.55,74.74,87.94,125.78,165.22,148.42,109.0,170.37,55.87,104.47,125.3,152.21,229.3,67.22,162.37,206.51,33.53
2024-10-14,128.99,262.5,250.3,248.93,66.72,67.93,36.64,314.4,195.74,249.75,25.8,323.3,252.95,86.35,74.82,88.91,128.64,165.77,149.46,110.3,170.74,55.56,105.29,127.61,153.22,229.14,66.82,163.17,208.74,33.77
2024-10-15,129.03,261.36,247.94,249.52,66.99,67.13,36.93,315.18,197.39,247.54,25.45,320.4,251.8,86.83,74.85,88.44,127.25,166.34,147.92,111.0,170.2,56.16,106.1,128.0,153.25,229.34,67.21,163.79,208.61,33.84
2024-10-16,129.19,257.17,247.41,246.65,66.05,65.86,36.15,308.95,194.14,247.69,25.28,319.37,251.51,86.63,74.57,87.44,127.94,167.85,146.02,109.93,169.43,55.54,105.83,126.67,154.59,230.36,67.13,164.54,209.83,33.68
2024-10-17,128.19,256.18,247.94,246.27,65.18,65.22,35.95,307.21,195.7,244.48,25.4,324.01,257.57,87.38,75.65,88.8,129.67,169.8,148.24,109.45,170.77,55.88,106.25,129.19,155.13,231.42,68.52,165.05,210.75,33.91
2024-10-18,129.32,258.01,247.07,246.19,65.08,65.31,36.12,308.76,193.87,246.53,25.48,328.32,260.04,88.7,76.57,90.47,131.54,171.61,152.2,111.51,172.17,55.64,105.45,129.39,155.27,230.47,68.55,166.76,211.91,33.7
2024-10-21,129.23,256.28,245.7,244.61,64.6,64.45,35.87,305.73,188.88,247.79,25.73,329.15,261.23,88.35,77.69,92.09,132.56,173.98,153.54,111.39,171.51,55.58,104.91,128.84,154.71,229.62,68.36,165.05,210.06,33.26
2024-10-22,130.55,253.58,247.8,247.61,64.74,63.56,35.83,305.91,187.8,247.01,26.14,334.0,262.4,88.18,78.06,92.56,133.86,174.55,155.06,113.6,173.15,55.9,105.4,129.24,156.79,230.14,68.78,166.09,210.62,33.15
2024-10-23,131.03,254.05,249.26,247.45,65.45,63.43,36.36,303.69,188.93,248.64,25.95,333.89,264.24,86.81,78.08,90.75,132.3,175.4,153.72,112.13,172.8,56.76,104.5,128.44,158.38,233.44,68.97,165.26,214.09,33.63
2024-10-24,131.97,253.54,249.67,247.65,65.71,64.19,36.71,302.82,191.35,250.28,26.16,339.57,264.58,87.42,78.35,90.38,133.27,179.33,152.94,112.77,174.21,57.13,105.03,127.98,159.22,233.16,68.17,166.81,215.94,33.73
2024-10-25,132.33,256.18,251.34,250.61,66.03,65.2,37.08,305.68,191.3,252.61,25.99,336.73,261.62,86.17,78.85,90.67,134.41,177.37,152.44,111.39,173.14,56.53,105.36,127.16,159.75,233.46,69.09,165.12,217.46,33.98
2024-10-28,131.1,256.85,251.36,249.77,65.51,64.67,37.45,305.06,191.92,250.91,25.79,338.09,258.67,85.56,78.5,90.32,133.64,177.0,152.48,111.5,171.38,56.05,105.54,127.38,157.7,232.86,67.85,164.12,218.85,33.59
2024-10-29,130.06,257.24,247.93,247.3,65.36,64.03,37.16,304.6,191.32,249.94,25.69,338.22,258.05,85.69,78.14,90.06,132.5,176.48,151.24,110.31,171.64,56.17,106.27,127.32,158.46,234.32,68.26,163.77,219.68,33.77
2024-10-30,130.12,253.09,246.78,249.86,65.06,63.55,37.13,304.33,192.32,247.39,25.87,341.25,259.31,86.39,79.19,91.27,132.58,178.76,152.38,111.25,171.94,56.18,107.32,127.68,157.75,234.13,68.45,165.41,221.14,33.68
2024-10-31,133.45,257.54,253.17,254.3,66.52,65.15,38.19,313.02,197.72,252.48,25.83,342.39,261.55,86.56,80.04,92.6,132.55,178.69,152.93,111.97,171.76,56.86,108.21,128.48,157.12,233.02,68.78,163.57,222.97,33.72
2024-11-01,137.9,267.61,259.7,260.9,68.77,67.75,38.89,318.0,202.17,260.13,26.08,347.97,262.06,85.86,80.92,92.63,131.42,179.45,154.27,112.32,171.78,56.89,108.07,127.34,156.13,233.34,68.82,163.53,221.22,33.62
2024-11-04,134.99,264.62,259.3,255.8,67.7,67.08,38.76,313.65,199.01,253.79,26.06,353.27,263.88,86.31,81.54,93.16,131.45,181.37,155.39,113.0,170.01,57.12,108.33,126.69,156.91,232.36,68.36,162.37,218.06,33.59
2024-11-05,132.59,259.27,251.72,250.97,66.39,65.68,37.76,305.01,195.49,247.7,26.06,350.33,263.2,86.81,81.74,92.82,131.51,180.88,155.2,112.61,169.25,57.0,107.19,125.12,154.35,227.89,67.12,160.74,214.38,33.32
2024-11-06,132.69,255.37,251.61,251.42,65.75,65.61,37.41,303.9,193.03,243.53,25.94,348.95,261.55,85.73,81.03,92.39,130.67,179.99,153.58,112.76,167.05,56.75,107.4,124.99,153.56,226.16,67.29,158.64,212.0,33.05
2024-11-07,134.4,258.16,252.06,252.63,65.9,65.67,37.85,302.9,196.07,246.33,26.26,350.4,262.96,85.38,81.06,93.02,132.33,179.55,153.84,113.08,165.06,56.66,106.33,124.07,152.11,223.39,66.77,157.19,209.81,32.63
2024-11-08,134.88,262.21,254.16,256.36,65.86,66.23,37.85,301.88,196.16,249.51,26.54,353.5,261.97,85.64,81.57,93.56,131.31,179.03,154.15,113.76,161.76,55.95,105.2,123.4,151.3,222.2,65.83,153.73,206.99,32.48
2024-11-11,136.83,266.02,257.77,260.1,66.42,66.95,38.72,303.9,200.74,252.34,26.96,353.18,264.73,85.82,81.27,94.12,132.83,179.02,153.37,114.13,162.06,56.32,106.35,124.05,154.13,224.31,66.21,153.27,207.99,32.61
2024-11-12,138.2,268.66,257.46,261.77,67.09,68.08,39.26,308.1,202.67,255.34,27.35,352.7,265.45,85.75,81.77,95.28,132.98,176.98,153.37,115.12,163.26,56.81,106.82,123.66,155.3,224.06,67.45,154.73,208.46,32.67
2024-11-13,138.13,268.1,259.37,262.48,66.86,69.02,39.38,310.55,202.53,256.7,27.46,348.36,268.66,86.64,81.8,94.81,133.49,177.4,154.02,115.5,164.25,57.7,108.16,123.9,158.01,228.76,69.68,155.72,211.54,32.65
2024-11-14,138.95,267.92,263.64,262.59,66.4,68.98,38.95,312.27,199.96,256.66,26.91,343.33,268.46,86.03,80.57,93.84,132.16,176.17,151.14,114.72,159.73,56.44,105.76,122.02,155.09,222.34,67.83,152.67,207.04,31.85
2024-11-15,138.34,268.75,262.53,262.05,67.3,68.39,38.45,313.29,198.78,255.64,26.7,341.05,270.2,86.33,80.98,92.94,130.95,172.43,149.64,114.87,160.44,56.47,105.92,121.62,155.4,223.7,67.2,153.01,208.43,31.79
2024-11-18,139.37,276.14,265.77,266.18,67.86,69.33,39.06,317.85,200.07,259.22,27.15,346.08,275.53,87.43,82.55,94.52,132.1,175.3,150.84,115.98,161.39,56.9,105.63,122.98,156.84,223.95,66.85,153.45,208.59,31.93
2024-11-19,138.92,271.26,262.95,263.33,67.55,68.43,39.15,311.44,200.02,256.75,27.36,347.69,279.05,87.76,82.41,95.88,132.8,176.61,153.02,116.0,162.35,56.83,105.71,123.23,155.46,222.7,67.4,154.39,208.67,32.0
2024-11-20,138.57,273.84,263.27,264.37,68.27,68.35,39.7,309.68,202.91,257.3,27.32,342.36,276.45,86.52,81.37,94.91,132.42,175.35,152.06,114.22,160.88,57.34,105.12,124.49,155.33,222.83,67.93,155.95,209.04,32.0
2024-11-21,138.55,274.6,265.3,265.14,68.76,69.37,40.01,312.1,202.06,254.07,27.45,343.18,276.19,86.83,81.51,95.85,132.94,175.07,153.5,114.46,161.92,57.36,104.91,124.76,155.61,223.95,67.95,154.35,208.55,32.18
2024-11-22,138.19,273.68,266.68,263.77,67.95,69.08,39.75,308.93,200.92,253.74,27.44,343.88,280.06,86.97,81.97,95.9,132.63,174.85,153.35,114.95,165.71,57.82,105.8,126.04,157.7,226.85,69.33,153.75,207.44,32.36
2024-11-25,139.77,272.17,261.4,263.84,67.86,68.39,39.34,305.51,199.99,251.35,27.56,336.9,276.57,85.6,81.04,94.6,131.96,170.99,151.68,114.09,168.42,58.1,106.83,125.42,155.9,228.68,69.54,155.46,206.38,32.57
2024-11-26,142.46,276.28,265.33,267.42,68.03,69.82,39.69,310.36,200.46,252.32,28.01,339.55,282.25,86.62,81.0,96.15,132.89,173.61,153.39,114.18,169.25,59.38,108.38,126.85,158.91,232.0,70.57,156.4,209.3,33.21
2024-11-27,141.33,278.16,265.05,265.59,68.38,69.64,39.85,309.67,200.28,253.01,28.1,334.85,278.82,86.66,80.54,95.33,130.95,171.21,150.21,113.1,168.08,58.66,107.53,126.22,160.13,228.6,70.7,156.65,207.35,33.1
2024-11-28,140.75,277.92,267.56,267.08,68.77,69.63,39.55,309.56,202.08,250.89,27.82,333.27,275.31,85.54,79.62,93.59,128.73,170.08,147.3,110.6,166.8,58.7,107.06,125.39,159.53,224.98,70.53,156.22,205.75,33.15
2024-11-29,139.22,278.66,267.07,265.73,68.54,69.36,39.74,306.64,200.43,251.71,27.65,334.45,278.52,85.51,80.14,93.1,129.58,170.67,148.11,110.42,164.12,58.38,104.59,123.6,158.57,222.72,70.67,155.81,203.07,32.85
2024-12-02,139.21,275.18,263.99,262.95,67.08,68.7,39.29,300.17,198.7,250.12,27.67,333.55,279.45,85.93,80.41,92.72,129.92,172.21,147.79,112.13,163.14,58.17,103.68,123.16,155.91,220.35,69.62,154.64,202.72,32.74
2024-12-03,136.0,275.87,262.54,259.64,66.6,68.22,38.8,298.03,196.25,247.27,27.45,328.04,277.11,85.5,80.03,92.53,129.32,170.48,147.59,110.42,161.36,57.31,103.46,123.01,155.42,220.67,68.88,154.14,201.47,32.75
2024-12-04,135.9,274.95,263.21,261.18,66.35,68.21,38.53,292.82,195.97,247.62,27.53,323.46,275.21,83.74,80.12,91.23,129.41,170.42,145.83,108.87,161.74,56.98,103.38,122.42,153.18,216.39,68.53,152.58,199.38,32.66
2024-12-05,137.56,276.4,264.29,263.67,66.17,68.66,38.88,295.85,194.67,247.59,27.32,322.39,275.14,84.4,79.8,90.81,130.2,170.65,147.01,109.13,160.07,56.05,101.22,121.44,152.65,216.91,68.35,152.61,197.27,32.18
2024-12-06,138.79,278.85,266.29,266.25,66.82,69.82,39.59,300.05,197.91,251.3,27.25,324.21,272.81,84.95,79.19,90.91,129.39,171.06,146.85,107.88,161.01,56.03,102.13,121.95,153.72,216.5,68.33,152.62,198.96,32.66
2024-12-09,137.73,280.02,261.73,262.52,65.89,68.58,38.77,297.48,195.45,249.12,27.4,325.73,275.07,85.31,78.9,91.86,129.42,170.62,147.11,107.53,160.19,55.99,102.15,120.97,152.73,217.31,68.39,154.44,200.44,32.92
2024-12-10,135.89,279.51,260.16,259.99,65.53,68.59,38.7,294.26,195.32,246.8,27.44,325.17,274.56,85.72,78.37,93.02,127.99,169.87,147.35,107.89,159.95,55.9,102.33,120.72,154.1,218.76,68.91,153.83,200.69,32.91
2024-12-11,134.58,278.74,257.94,259.74,64.75,68.99,38.3,293.23,195.41,244.82,27.66,323.47,277.79,86.06,78.35,93.13,129.06,169.81,147.07,108.01,158.1,56.33,101.75,121.12,154.11,217.05,68.76,154.32,200.13,33.11
2024-12-12,136.02,282.64,259.46,259.91,64.9,69.49,38.68,290.91,196.37,246.29,27.62,326.67,279.61,87.24,78.72,94.29,131.4,172.75,147.38,108.76,157.91,56.56,102.44,120.76,154.46,214.46,69.43,153.95,200.34,33.07
2024-12-13,137.64,278.31,259.11,259.39,64.61,70.18,38.44,292.13,196.76,248.33,27.45,323.64,280.29,87.2,77.66,93.5,131.05,172.87,146.09,106.17,158.64,56.16,100.81,117.74,153.87,212.84,68.74,154.07,199.7,33.19
2024-12-16,135.79,276.03,253.97,256.05,63.74,69.65,38.02,290.06,195.56,249.32,27.33,320.24,279.17,86.24,77.95,92.87,129.9,171.38,145.93,105.49,157.36,56.59,100.11,117.5,154.23,210.16,68.75,152.57,200.09,32.88
2024-12-17,136.79,279.76,257.62,258.98,64.28,70.05,38.75,291.72,196.14,252.73,27.17,316.95,274.66,85.22,77.19,92.17,129.56,170.57,144.6,104.51,158.23,57.37,100.93,117.98,154.2,209.25,69.34,153.88,201.89,33.04
2024-12-18,138.79,281.15,261.37,261.34,64.61,70.93,39.22,295.21,198.17,255.16,27.88,325.13,281.59,87.1,79.4,94.59,132.59,174.18,147.85,104.68,159.3,57.48,102.58,118.9,154.11,210.48,69.28,155.18,203.42,33.44
2024-12-19,137.75,280.01,257.64,260.81,64.46,70.8,39.03,294.62,199.41,253.82,27.91,322.51,279.04,86.77,79.67,94.15,131.96,173.12,146.78,104.46,156.84,57.52,101.5,118.68,151.85,209.87,69.12,154.62,200.88,33.28
2024-12-20,136.18,277.57,257.69,260.9,64.2,70.04,39.0,293.32,195.45,253.58,27.88,325.37,277.57,84.88,79.49,93.97,129.99,171.11,148.64,103.84,157.8,57.41,100.06,118.18,151.08,208.55,68.8,154.26,199.91,32.87
2024-12-23,136.9,274.19,253.16,260.53,64.07,69.67,38.44,290.12,193.8,249.17,27.65,325.33,279.57,84.58,79.82,92.72,130.28,169.91,148.61,103.46,159.68,57.38,100.92,118.56,151.63,209.24,68.7,154.81,200.55,33.04
2024-12-24,137.07,276.19,255.74,259.92,64.69,69.42,38.72,292.48,192.18,250.09,27.55,322.75,281.21,84.07,79.18,92.46,130.45,169.29,149.34,103.61,156.37,56.45,99.13,117.21,146.79,209.27,67.94,152.77,199.3,33.11
2024-12-25,138.32,279.87,258.17,261.94,65.02,69.58,38.82,291.71,193.13,248.64,27.63,323.36,282.1,83.96,81.02,93.82,130.23,170.51,149.61,103.48,154.56,56.29,98.15,117.29,147.1,210.49,67.4,152.81,199.62,32.94
2024-12-26,137.32,282.3,258.76,263.41,64.78,69.07,38.66,291.26,191.6,248.24,27.17,317.33,279.78,83.32,79.92,92.11,127.72,167.83,148.21,102.75,153.53,55.52,97.55,115.73,145.29,210.43,67.24,151.86,196.52,32.72
2024-12-27,138.84,283.36,262.84,268.09,66.22,70.08,39.31,297.96,194.95,251.06,27.13,317.96,277.34,83.09,80.37,90.68,128.68,168.83,147.65,103.02,153.88,56.19,98.85,115.48,146.73,211.49,67.7,152.07,199.97,33.17
2024-12-30,137.87,279.23,259.99,266.56,65.79,70.13,39.26,298.15,194.38,247.54,27.06,320.09,277.61,83.49,80.35,90.19,128.65,169.26,147.11,102.88,152.38,56.36,98.37,116.3,148.14,211.54,67.29,149.93,197.66,32.78
2024-12-31,139.84,281.92,263.11,264.95,65.66,70.91,39.57,299.68,196.29,251.85,27.04,320.36,278.14,85.0,79.54,90.78,128.89,170.34,146.91,103.11,153.71,58.11,100.46,117.54,149.99,214.04,67.43,151.52,201.14,32.93
2025-01-01,141.37,284.92,263.82,266.46,66.83,71.87,39.94,301.96,198.16,253.27,26.53,322.19,277.2,84.88,79.23,90.0,128.15,167.74,148.29,101.83,152.28,57.61,100.76,117.09,148.13,214.73,67.49,151.54,201.49,33.37
2025-01-02,144.55,287.21,270.09,271.15,68.1,72.18,40.46,304.56,201.95,258.67,26.06,319.1,276.87,84.16,79.03,89.62,127.65,166.44,146.18,100.36,153.54,57.93,101.21,117.34,148.48,217.17,67.69,150.93,203.28,33.48
2025-01-03,144.65,291.1,271.52,273.18,67.94,72.39,40.8,302.8,202.93,259.78,26.09,322.14,278.75,85.47,79.05,90.24,128.5,166.27,147.91,102.54,153.81,58.27,101.6,117.15,146.96,216.15,67.01,152.39,203.02,33.38
2025-01-06,146.0,290.16,270.62,273.53,68.49,72.8,40.98,303.85,204.08,260.98,25.85,320.59,275.15,84.91,78.23,91.12,127.82,163.88,146.87,102.25,156.35,58.55,101.22,118.39,146.42,216.43,67.15,152.87,204.68,33.36
2025-01-07,145.66,289.77,270.57,273.46,68.64,73.2,41.11,305.06,202.19,261.11,25.99,323.5,275.21,84.85,78.15,91.66,129.08,164.04,148.26,102.75,156.3,58.47,101.73,118.79,148.99,216.1,67.62,152.92,204.21,33.46
2025-01-08,145.92,296.98,272.91,273.88,69.31,72.76,41.33,306.93,204.49,264.54,25.9,322.64,273.14,83.88,77.92,90.44,127.94,161.9,147.74,103.28,154.38,57.2,100.37,117.3,147.32,212.77,66.66,151.3,203.01,32.63
2025-01-09,145.44,296.95,270.74,276.44,68.98,72.65,41.44,305.49,201.75,263.14,26.16,323.69,272.78,84.71,78.1,90.5,128.55,163.37,150.78,104.48,156.29,57.41,100.22,117.82,148.04,212.1,66.79,152.16,204.17,32.85
2025-01-10,145.93,296.38,269.88,273.97,69.69,72.65,41.38,303.52,205.54,261.55,26.06,324.08,273.75,85.32,79.23,91.18,128.21,163.67,151.6,106.31,154.31,57.55,100.0,118.16,147.66,210.45,66.94,152.49,205.15,32.82
2025-01-13,145.11,291.77,269.4,273.1,68.83,71.9,40.94,298.19,202.62,257.15,25.92,320.96,268.86,85.76,79.43,90.27,127.75,163.28,152.07,105.31,155.7,57.56,99.3,118.79,149.19,214.85,66.77,153.9,205.63,33.14
2025-01-14,143.05,286.42,264.6,269.51,67.6,71.19,40.67,295.57,202.3,254.97,25.57,321.67,266.42,85.82,79.95,90.33,126.2,161.73,152.79,104.86,155.55,57.83,99.91,119.31,149.39,214.92,67.31,154.93,205.97,33.49
2025-01-15,142.92,284.36,262.34,266.45,67.07,71.34,40.24,294.25,200.29,252.99,25.17,318.04,263.32,85.24,79.3,88.74,125.77,160.37,151.52,103.86,154.45,57.65,99.83,117.43,147.93,213.12,66.96,155.13,203.72,33.17
2025-01-16,142.25,281.79,260.34,266.37,66.27,71.13,39.56,291.11,198.37,253.88,25.08,311.75,257.15,84.16,78.62,87.89,124.44,159.77,149.37,103.32,151.66,56.57,97.1,115.12,145.19,209.39,65.77,151.38,199.64,32.22
2025-01-17,144.26,283.53,261.4,271.21,66.3,71.12,39.52,292.57,200.03,256.59,25.76,311.3,260.86,84.76,79.1,88.36,124.77,162.89,151.62,104.37,154.09,56.48,96.73,113.72,144.49,209.45,65.77,151.44,197.67,32.34
2025-01-20,144.66,285.72,258.8,271.87,65.8,70.87,39.62,292.54,198.76,256.28,25.38,311.39,259.04,84.93,78.48,87.61,123.47,162.87,150.1,104.21,153.41,55.43,95.48,111.66,142.85,205.34,65.34,149.54,195.06,32.09
2025-01-21,146.12,287.45,258.9,269.68,65.61,70.65,39.66,292.0,199.72,255.41,25.37,314.36,260.63,85.26,78.48,87.53,123.1,162.6,151.1,104.28,151.47,55.82,95.52,110.4,141.91,204.67,65.84,148.07,195.7,32.31
2025-01-22,145.26,285.85,255.84,267.6,65.16,70.5,39.72,289.08,196.01,253.61,25.43,315.27,260.42,85.42,79.4,88.03,123.21,162.56,151.34,105.69,151.17,55.74,95.05,111.01,143.77,205.67,66.03,148.45,193.06,32.49
2025-01-23,145.52,287.17,255.13,267.15,65.0,70.99,39.66,293.35,197.03,252.12,25.41,313.6,255.69,85.84,79.47,88.07,123.02,160.66,150.32,105.87,149.62,54.29,93.62,109.36,141.88,203.82,65.44,146.83,192.18,31.79
2025-01-24,146.31,289.61,254.14,265.04,64.7,70.64,39.82,292.02,195.73,250.72,25.69,315.71,257.06,86.32,80.68,88.3,124.99,162.19,151.4,108.52,148.28,53.89,92.23,109.2,142.59,205.2,65.78,146.35,191.32,31.37
2025-01-27,149.38,294.39,256.79,271.07,65.24,71.82,40.34,297.45,198.52,251.96,25.78,319.34,258.6,87.33,80.68,88.82,125.21,163.9,152.35,109.68,150.35,54.7,93.49,109.75,144.1,206.62,66.29,147.41,191.87,31.23
2025-01-28,148.45,293.78,253.47,269.55,65.73,72.08,40.7,297.97,199.96,250.81,25.62,311.34,257.86,87.48,79.82,87.99,123.59,162.93,152.24,107.61,150.81,54.66,93.62,110.2,144.13,206.74,66.27,148.52,192.74,31.34
2025-01-29,146.63,290.78,253.04,267.86,65.6,72.55,40.83,297.28,198.71,245.8,25.57,310.08,257.98,87.24,79.49,86.73,122.31,162.65,153.29,107.18,151.17,55.13,93.42,110.73,143.78,208.35,66.52,149.25,192.33,31.57
2025-01-30,149.78,292.19,254.91,270.78,66.6,73.04,40.45,302.25,201.43,245.17,25.46,313.38,261.47,88.32,79.96,87.37,123.05,165.01,153.58,107.37,153.04,55.57,95.15,111.4,145.15,209.07,67.12,149.08,193.19,31.5
2025-01-31,150.88,295.22,253.35,274.25,68.12,73.67,40.62,310.46,201.66,247.44,25.55,317.69,263.99,88.68,79.98,87.67,122.87,165.8,153.69,106.75,155.27,55.86,95.0,111.86,145.96,207.65,67.49,148.58,195.96,31.74
2025-02-03,150.34,292.88,252.09,274.23,67.87,73.3,40.48,308.05,200.36,242.96,25.78,320.08,264.06,90.29,80.62,87.7,124.38,167.44,155.25,107.27,156.04,55.92,95.62,110.74,145.61,210.13,67.27,148.15,195.51,31.5
2025-02-04,147.12,288.61,248.95,270.52,66.91,72.34,40.22,303.81,197.07,239.34,25.88,324.21,264.35,90.76,81.18,87.54,124.89,166.46,153.87,107.71,155.25,55.82,95.33,109.64,144.91,207.42,67.51,146.13,194.16,31.1
2025-02-05,148.02,288.94,248.69,272.65,67.13,72.82,40.1,301.79,197.55,239.26,26.06,325.39,265.82,90.12,82.42,87.82,126.01,166.32,154.82,107.25,156.1,55.86,95.59,110.48,144.2,206.9,67.82,148.49,194.67,31.33
2025-02-06,147.92,293.4,246.87,273.4,66.52,71.59,40.08,301.44,196.78,238.56,26.87,330.69,271.52,91.37,84.04,89.25,127.88,171.29,158.98,109.45,153.01,55.11,96.39,109.61,144.36,207.86,67.67,147.13,190.72,31.29
2025-02-07,146.78,292.49,243.62,271.11,66.07,71.24,39.52,301.58,194.7,234.27,26.82,330.23,271.42,92.15,83.98,89.23,126.99,172.14,159.19,109.17,150.04,55.09,94.79,108.05,143.13,203.99,66.2,143.15,188.83,30.73
2025-02-10,151.2,295.44,245.61,273.59,67.0,71.9,40.16,303.41,195.21,234.02,26.28,325.22,267.41,90.53,83.51,88.85,125.25,168.09,156.52,107.28,149.02,54.56,93.75,106.95,141.35,202.48,65.79,141.09,188.72,30.28
2025-02-11,148.83,293.59,242.14,271.54,65.28,71.71,39.91,297.3,191.1,233.71,26.05,321.16,260.76,89.14,82.26,88.06,122.47,164.03,154.58,106.37,146.22,54.34,92.9,106.79,140.21,197.48,65.05,140.63,185.8,29.9
2025-02-12,148.63,286.67,242.88,268.19,65.03,71.18,39.98,296.41,189.77,231.04,26.24,317.67,261.6,88.42,82.82,88.13,122.97,164.17,152.85,105.68,147.08,54.58,94.06,107.74,140.19,197.47,65.39,139.11,188.44,30.11
2025-02-13,150.52,285.28,245.88,274.01,65.01,72.09,40.31,295.74,191.72,234.02,26.13,320.02,258.79,87.32,82.56,87.8,121.9,164.33,152.79,105.91,147.04,54.86,93.94,109.45,139.99,200.99,65.76,138.58,191.0,30.29
2025-02-14,151.87,289.67,248.77,275.56,66.04,72.82,40.91,294.65,194.05,235.23,26.61,325.36,262.76,88.85,83.2,89.98,125.44,167.56,157.1,107.46,146.5,54.85,94.21,109.2,140.5,201.53,65.38,139.06,192.19,30.36
2025-02-17,153.69,288.97,250.55,274.53,65.72,72.61,40.68,293.55,193.68,236.4,26.53,320.77,263.32,87.97,82.73,89.78,125.0,168.01,156.99,106.47,149.63,55.62,95.33,111.35,142.74,205.01,67.48,141.18,195.02,30.89
2025-02-18,155.41,287.47,247.49,272.92,64.81,72.07,40.62,290.47,190.84,235.03,26.74,317.84,264.75,88.58,83.47,90.84,127.47,168.71,158.1,106.85,149.68,56.32,94.84,110.9,144.24,206.97,67.56,142.46,196.23,31.33
2025-02-19,155.59,290.08,253.38,276.64,65.49,73.18,40.96,298.34,193.47,237.59,26.58,319.84,266.66,88.48,83.95,90.12,127.75,169.41,160.14,106.58,148.16,55.64,93.19,110.81,144.59,206.09,67.7,141.87,195.14,31.1
2025-02-20,155.17,286.09,252.33,275.03,65.47,72.88,40.73,295.18,192.52,237.48,26.27,317.76,265.27,87.46,82.97,89.52,125.75,168.27,157.79,106.33,151.36,55.92,94.44,111.39,147.01,206.49,68.56,142.41,196.64,31.17
2025-02-21,156.51,285.7,254.08,275.44,65.64,73.19,40.66,296.42,195.06,237.19,26.6,324.1,266.93,87.48,83.85,89.97,128.4,169.98,158.51,106.52,153.3,56.13,95.1,112.91,147.72,208.0,69.07,144.16,199.02,31.38
2025-02-24,156.67,285.08,251.23,275.03,66.31,72.71,40.38,294.04,195.45,237.34,26.56,321.43,266.13,86.21,83.44,90.0,126.71,167.25,159.06,105.45,154.89,56.38,95.48,113.82,147.63,209.12,69.21,143.49,200.12,31.44
2025-02-25,156.49,282.18,253.16,276.49,66.79,72.67,39.96,297.85,195.61,236.44,26.68,325.39,267.79,87.55,84.77,90.2,127.21,169.66,157.56,106.06,152.92,55.78,94.48,112.52,145.67,205.45,69.5,143.96,197.02,31.5
2025-02-26,155.93,281.91,252.63,274.71,67.06,72.62,39.78,294.71,193.9,233.07,26.67,322.18,266.22,88.02,85.29,90.1,127.02,171.65,158.19,105.92,150.75,55.48,94.36,111.37,145.0,203.65,68.95,140.61,195.01,31.42
2025-02-27,155.01,281.07,250.41,274.11,66.68,71.83,39.92,295.29,192.43,232.92,26.81,324.78,264.16,88.78,85.2,90.08,129.55,172.72,158.48,104.81,152.85,55.34,94.06,111.36,146.69,205.45,69.18,141.48,195.08,31.57
2025-02-28,155.18,283.5,253.16,276.65,66.94,72.63,40.17,295.12,193.04,234.35,27.09,326.46,263.41,89.14,85.58,90.54,130.89,174.76,158.75,104.94,151.56,55.41,94.87,111.19,146.48,207.51,69.51,142.17,193.97,31.76
2025-03-03,153.81,279.49,250.35,272.96,66.16,71.17,39.95,294.09,188.61,233.17,26.83,326.65,262.3,88.82,85.15,90.93,129.43,174.8,159.37,105.16,154.83,55.84,96.54,112.48,149.54,210.34,70.28,145.34,196.11,31.91
2025-03-04,153.08,280.12,252.73,273.71,66.92,70.78,39.93,294.1,188.8,233.69,27.03,327.02,263.45,89.11,84.9,91.08,129.61,174.99,159.74,105.43,154.3,56.32,95.9,111.87,152.26,209.28,69.71,146.03,193.48,31.82
2025-03-05,156.46,280.37,251.21,272.06,67.49,71.57,39.97,296.68,191.45,237.82,27.0,321.07,260.07,88.09,83.98,90.11,129.34,174.97,158.34,105.38,154.88,56.48,96.79,112.41,155.14,208.67,69.84,146.63,195.0,32.26
2025-03-06,156.49,277.27,251.77,272.89,66.51,71.32,39.4,293.9,189.26,237.65,27.02,317.82,260.8,87.02,83.83,89.27,128.43,174.71,158.17,105.88,154.6,56.53,96.42,112.4,155.44,208.4,68.94,146.62,195.07,32.06
2025-03-07,154.55,278.52,251.96,271.94,65.84,70.66,39.57,293.19,187.96,237.6,26.8,320.04,263.28,86.92,83.58,87.75,126.9,172.57,157.63,105.2,152.44,55.92,95.87,111.87,152.22,206.14,67.61,145.85,194.02,31.54
2025-03-10,153.43,276.33,246.41,269.84,65.08,70.42,38.93,289.09,184.15,233.33,26.44,319.82,260.44,86.39,82.79,86.35,125.66,171.75,155.06,104.8,150.76,55.28,95.38,110.46,150.9,203.87,67.05,142.23,189.57,31.29
2025-03-11,155.1,276.15,246.92,271.33,65.65,69.78,38.8,288.97,185.31,237.73,26.4,316.12,260.02,86.87,82.7,85.67,126.15,172.22,153.82,104.87,152.34,56.16,96.28,111.25,153.6,204.35,67.89,142.31,192.6,31.53
2025-03-12,157.14,279.47,247.03,276.03,66.98,70.99,39.06,291.66,187.56,239.28,26.91,320.34,258.07,87.7,83.13,86.24,126.73,174.33,156.12,105.93,152.29,56.2,96.38,110.72,154.18,205.09,68.66,143.85,192.35,31.79
2025-03-13,155.71,279.54,245.29,272.85,66.72,69.31,38.29,288.48,185.81,236.35,26.45,314.88,255.46,86.99,82.18,85.94,125.78,171.75,154.21,103.83,151.7,56.51,96.86,111.97,154.37,207.61,68.87,145.88,193.35,32.11
2025-03-14,158.09,281.7,247.83,277.9,67.4,69.44,39.22,290.88,188.08,240.86,26.36,311.96,254.85,85.56,81.48,85.5,124.73,168.82,154.61,103.18,154.01,56.92,97.05,112.95,155.25,207.37,69.96,146.3,192.24,32.57
2025-03-17,157.36,279.6,243.52,279.12,66.44,68.99,39.19,289.94,186.93,236.78,26.12,310.69,252.1,85.13,81.36,85.6,123.14,170.39,154.81,102.84,155.49,58.3,97.2,113.82,154.07,208.9,70.57,147.22,192.65,32.32
2025-03-18,158.01,283.62,244.16,281.63,66.14,69.52,39.28,289.81,186.74,237.0,26.25,308.42,251.17,84.97,80.61,86.4,122.29,169.3,153.44,103.76,156.41,58.08,98.09,114.34,154.87,209.19,70.45,147.96,192.52,32.8
2025-03-19,156.08,285.07,243.32,281.44,66.37,69.13,39.44,284.23,185.23,234.65,25.91,305.5,249.77,84.74,80.21,85.47,121.75,168.32,153.39,103.68,156.28,57.61,97.26,113.33,153.65,208.29,70.38,147.14,191.53,32.66
2025-03-20,155.34,282.2,238.86,277.53,65.92,68.15,38.97,282.17,184.01,230.72,26.13,309.65,249.64,84.72,81.23,85.88,120.61,167.35,153.53,103.13,155.5,57.43,98.0,113.06,154.68,210.46,71.21,147.9,189.7,32.83
2025-03-21,157.04,283.91,243.54,282.04,66.94,69.48,39.58,281.22,185.51,235.16,25.98,308.34,246.94,85.36,81.98,85.32,120.56,166.39,153.89,103.34,157.04,57.96,100.91,113.75,154.67,211.95,71.12,147.6,189.72,32.83
2025-03-24,155.61,283.58,241.71,280.33,67.01,68.85,39.32,280.51,182.26,230.07,26.05,309.9,251.4,86.03,83.03,85.89,121.75,169.62,153.15,104.45,160.44,58.84,103.55,115.18,157.13,215.4,71.19,148.51,190.82,33.42
2025-03-25,157.03,285.92,244.81,282.32,68.12,69.51,39.71,282.7,184.82,231.69,26.35,309.48,250.43,86.63,83.24,85.88,122.8,169.5,153.39,105.71,163.25,60.25,104.98,117.97,158.78,217.5,71.12,152.14,192.44,33.85
2025-03-26,155.67,286.06,243.4,278.66,67.94,68.47,39.22,276.66,181.42,229.65,25.81,301.92,246.14,84.82,82.89,85.62,120.41,167.68,151.99,103.87,160.35,59.53,103.61,116.18,157.23,213.73,69.65,150.11,190.25,33.13
2025-03-27,157.19,283.73,242.52,278.01,67.58,68.09,39.63,274.92,184.17,230.42,25.85,303.37,251.4,84.85,82.74,85.57,120.9,166.38,152.4,105.31,160.74,59.5,103.23,116.88,156.49,216.46,70.7,150.92,190.96,33.48
2025-03-28,158.98,283.88,242.67,276.36,67.87,68.54,39.38,274.48,182.72,229.08,25.99,302.66,251.17,83.93,82.7,85.41,120.11,165.8,152.22,104.51,158.39,59.84,102.4,116.26,156.84,220.96,70.11,151.22,189.92,33.32
2025-03-31,157.9,280.23,240.84,271.46,67.67,67.98,39.16,271.42,180.75,227.54,25.67,299.41,247.34,82.51,80.51,84.94,117.98,164.8,151.33,102.36,156.26,60.52,103.57,116.46,157.42,220.5,70.42,150.78,187.62,33.03
2025-04-01,158.0,277.85,240.03,268.58,66.99,68.0,39.04,270.19,180.99,227.38,26.03,300.79,248.26,82.24,80.6,85.81,119.56,166.81,150.49,103.63,153.54,60.34,102.53,116.09,154.86,220.35,69.21,148.79,184.65,32.32
2025-04-02,158.21,282.17,246.39,271.95,68.32,69.02,39.7,273.36,183.73,231.38,25.95,300.39,247.92,82.64,80.02,85.68,120.98,168.21,152.07,103.89,154.44,61.1,104.5,115.71,154.63,223.68,69.59,149.18,184.32,32.39
2025-04-03,156.07,284.64,245.92,271.35,68.47,69.4,39.95,275.53,183.24,231.17,26.17,300.63,248.76,83.16,80.78,85.07,121.95,168.58,153.34,104.86,157.08,62.41,107.08,118.92,157.96,228.17,71.39,153.01,187.85,33.16
2025-04-04,156.08,282.75,247.7,271.52,69.48,68.82,39.85,275.77,184.76,232.13,26.26,298.67,246.42,83.09,79.8,84.39,121.76,166.72,154.18,105.28,154.67,61.39,104.04,116.34,156.03,223.76,70.4,148.95,185.51,32.47
2025-04-07,156.16,282.68,245.42,268.66,69.66,68.81,40.03,275.93,184.69,229.19,26.19,298.11,249.58,83.68,80.92,85.17,121.87,167.71,155.23,105.18,154.18,61.19,105.05,114.74,157.01,222.18,69.64,149.71,186.06,32.7
2025-04-08,157.48,288.87,249.26,271.74,70.69,70.29,40.38,278.4,186.68,228.87,26.28,294.54,249.03,83.99,80.56,86.0,120.67,168.83,155.87,104.0,158.64,62.24,106.19,115.38,158.89,224.92,70.6,151.38,189.27,33.05
2025-04-09,154.52,285.31,242.08,267.98,69.1,69.17,40.06,272.3,184.93,224.64,26.68,296.04,249.2,84.84,80.82,86.0,120.87,169.53,157.97,103.22,158.45,62.47,106.41,116.57,159.28,225.28,71.07,151.97,189.4,33.26
2025-04-10,153.58,282.92,239.85,268.85,67.27,68.79,39.75,267.13,183.62,223.34,26.81,290.52,250.35,84.16,80.89,86.17,119.87,169.76,157.16,101.52,160.04,62.41,106.05,116.38,159.68,225.41,71.4,150.81,188.52,33.23
2025-04-11,156.59,286.02,244.57,272.62,67.97,69.58,40.22,271.64,187.77,227.05,27.2,291.11,251.29,84.23,81.47,86.42,121.06,169.65,157.97,102.49,157.3,62.91,105.55,114.34,158.86,224.09,70.93,150.89,188.46,33.14
2025-04-14,157.36,286.67,248.51,271.48,68.32,69.91,40.62,271.48,186.42,228.02,27.3,295.34,250.68,85.31,83.33,86.98,121.05,170.47,159.13,103.62,156.67,63.6,105.0,113.02,159.79,220.52,70.63,153.63,188.33,32.87
2025-04-15,157.33,286.57,248.78,272.83,67.91,70.72,40.76,273.33,186.1,230.45,27.25,295.79,248.98,84.55,83.46,86.51,120.01,169.11,159.21,102.81,156.51,63.57,103.46,111.36,159.11,218.05,70.65,153.7,188.24,33.11
2025-04-16,157.26,288.03,248.16,277.83,69.16,71.21,41.15,277.84,187.46,231.33,27.54,297.99,251.07,84.67,82.97,86.99,121.26,169.71,161.53,102.93,155.22,63.28,102.97,111.49,157.75,219.2,71.4,153.51,189.63,32.88
2025-04-17,159.02,292.45,252.26,281.08,68.55,71.47,41.28,277.92,188.76,232.12,27.35,294.43,248.08,84.66,82.06,86.06,119.95,168.71,160.75,100.11,156.76,64.38,103.19,111.59,158.26,219.34,71.87,152.31,188.92,33.31
2025-04-18,157.62,293.85,252.56,277.27,68.61,71.22,41.03,277.48,188.78,232.58,27.67,297.44,247.57,84.83,84.15,87.21,122.99,172.2,162.98,101.55,156.98,63.59,102.84,112.16,157.34,219.43,72.14,151.19,187.98,33.01
2025-04-21,156.39,289.52,248.79,277.25,67.63,70.63,40.53,277.05,188.82,232.13,27.73,297.17,245.45,85.83,83.78,87.6,123.95,171.82,164.29,102.25,159.61,63.97,102.71,112.39,158.34,220.65,72.33,149.99,189.22,33.57
2025-04-22,157.18,291.87,251.1,279.76,68.53,71.39,40.78,277.8,189.91,234.31,27.69,297.83,246.41,86.47,84.76,88.03,123.41,171.99,164.84,101.32,162.08,64.66,104.04,114.73,159.7,224.24,73.2,151.72,190.62,34.35
2025-04-23,156.65,292.96,247.69,281.12,68.92,71.4,40.7,278.39,192.79,231.9,27.91,297.15,246.94,86.51,84.67,88.14,122.62,173.23,163.05,101.67,161.61,63.96,103.68,112.94,158.64,220.53,72.82,149.58,188.4,34.11
2025-04-24,155.51,291.59,243.85,280.29,69.32,72.47,40.67,279.48,190.37,233.75,28.13,297.41,250.03,86.86,84.85,88.85,122.39,175.19,162.75,101.42,160.28,64.06,102.96,111.46,157.08,219.08,71.78,147.33,189.49,33.69
2025-04-25,155.07,290.29,242.45,280.55,69.6,72.22,40.26,281.11,189.9,236.02,27.52,294.02,250.48,85.9,83.95,88.2,120.82,173.16,160.79,99.98,162.02,64.67,103.9,112.97,158.19,219.79,72.04,148.4,189.52,33.79
2025-04-28,154.33,294.47,238.39,279.65,70.29,72.27,40.47,281.49,189.21,232.6,27.58,292.6,248.76,85.37,84.7,89.56,121.16,172.87,159.71,100.33,164.93,65.23,103.09,114.09,160.26,219.01,72.54,149.72,190.6,33.82
2025-04-29,155.97,295.43,237.03,276.22,70.85,72.63,40.55,281.06,188.74,231.11,27.47,287.06,245.31,84.34,84.17,88.67,120.63,172.88,159.56,99.91,164.83,64.68,103.29,115.22,160.72,222.11,72.0,148.79,191.82,33.92
2025-04-30,158.1,297.85,237.45,277.59,70.53,72.38,40.94,283.84,190.08,229.6,27.4,283.94,246.28,83.79,83.26,88.28,119.56,173.71,158.14,98.54,161.37,63.86,101.58,112.51,159.51,219.94,71.01,148.11,190.24,33.33
2025-05-01,156.53,298.06,237.35,277.21,69.95,72.44,40.62,282.68,191.26,228.03,26.97,278.93,245.01,83.06,82.35,87.07,118.66,170.93,156.72,97.0,159.67,63.09,100.41,111.39,158.23,212.44,69.69,145.69,189.46,32.66
2025-05-02,156.84,302.06,236.43,278.89,69.83,72.39,40.49,281.74,194.97,229.98,27.29,282.1,244.26,83.76,83.48,87.22,120.23,173.04,159.96,97.64,158.28,62.64,100.94,109.68,155.15,210.92,68.95,144.52,189.12,32.3
2025-05-05,154.0,303.74,233.59,274.93,69.78,71.7,40.18,280.56,195.0,228.03,27.68,279.61,246.09,83.54,84.46,87.63,120.16,174.39,161.54,98.5,156.69,62.03,100.19,108.84,154.81,206.68,68.52,143.05,186.47,31.85
2025-05-06,153.73,294.85,229.67,269.66,69.03,70.32,39.54,279.32,193.65,226.45,27.5,279.52,244.92,83.13,84.38,86.98,120.9,173.75,161.76,99.22,158.03,61.6,100.54,109.62,156.13,205.81,68.37,144.26,185.99,31.85
2025-05-07,156.23,297.65,230.67,270.2,69.67,70.2,39.71,281.55,196.51,229.03,27.35,281.41,244.58,82.42,84.14,87.68,120.99,173.73,163.5,98.37,156.24,60.44,99.72,108.64,156.26,204.5,67.65,143.09,184.62,31.24
2025-05-08,160.59,303.92,235.28,276.49,71.4,71.58,40.35,288.33,201.04,232.51,27.84,285.49,249.1,84.45,85.55,89.34,123.73,175.94,166.36,100.15,155.65,61.57,99.37,108.08,158.03,206.27,67.49,144.18,187.19,31.4
2025-05-09,164.88,304.59,239.06,282.23,72.86,72.56,40.87,293.45,205.19,237.1,28.21,285.76,250.2,84.36,85.68,90.3,124.41,179.92,167.73,100.89,156.37,61.52,99.56,109.19,158.78,205.98,67.28,144.1,187.67,31.71
2025-05-12,162.75,301.49,237.27,276.26,71.64,71.36,40.13,289.88,202.24,233.06,28.28,289.88,254.7,83.96,86.55,90.8,125.36,180.65,168.94,101.65,155.36,60.83,98.56,108.54,158.28,205.84,66.67,143.49,187.77,31.79
2025-05-13,162.72,300.98,237.46,273.94,71.4,71.56,40.25,289.1,202.31,231.57,28.48,290.93,255.19,84.03,86.76,90.77,126.22,180.7,171.19,103.03,154.12,60.6,97.67,107.69,159.54,204.67,66.58,143.5,185.93,31.49
2025-05-14,160.83,296.81,230.3,270.84,71.39,70.79,39.4,284.13,198.99,226.85,28.66,293.7,254.39,84.73,88.06,92.52,129.73,181.51,176.18,104.0,153.2,60.54,97.0,107.59,157.59,203.37,66.83,142.89,185.38,31.47
2025-05-15,162.79,295.09,231.87,271.31,71.71,71.55,39.26,283.18,196.96,226.33,29.06,295.87,253.89,84.88,87.55,92.06,130.27,180.43,177.67,104.14,153.43,60.48,97.59,108.4,158.44,204.87,67.0,143.97,185.76,31.6
2025-05-16,162.41,293.65,230.08,271.13,72.13,72.0,38.91,285.19,196.42,227.05,28.8,294.71,253.3,83.65,87.37,92.4,129.58,181.3,176.87,104.37,150.08,60.85,98.1,107.86,155.75,204.09,65.99,143.43,185.08,31.21
2025-05-19,164.31,297.66,233.97,274.29,72.25,73.2,39.26,285.54,200.09,232.65,28.86,300.44,255.63,84.15,87.69,94.13,130.06,183.72,177.78,104.94,152.09,61.22,98.59,109.52,158.91,207.24,66.46,144.51,187.14,31.61
2025-05-20,162.76,297.74,233.34,270.09,71.37,72.44,38.95,287.02,199.2,229.99,28.9,299.77,256.12,84.51,88.52,94.36,131.84,185.57,177.76,106.94,152.61,60.94,99.76,111.48,159.84,207.77,66.74,145.99,189.87,31.95
2025-05-21,162.99,301.63,234.08,273.41,71.68,73.1,39.17,288.76,199.97,233.48,28.73,297.16,258.87,85.04,87.13,93.78,129.87,183.59,173.19,106.06,150.93,60.58,97.96,110.49,157.89,207.86,66.83,145.72,188.23,32.15
2025-05-22,160.54,295.62,230.88,274.17,70.88,72.28,38.39,287.27,199.08,232.34,28.52,294.02,254.59,84.27,85.65,92.02,127.94,180.72,170.37,105.0,150.61,60.29,97.76,109.39,157.3,207.17,65.87,145.89,186.23,32.0
2025-05-23,162.49,300.02,233.3,276.28,72.04,73.4,38.68,288.89,198.39,234.66,28.55,297.1,256.48,85.54,85.88,93.36,128.48,183.0,170.06,105.89,148.07,59.63,97.13,108.02,154.65,206.11,65.17,143.95,184.34,32.23
2025-05-26,164.44,305.05,236.6,279.86,71.7,73.72,38.87,287.53,198.13,232.9,28.57,299.3,259.44,86.27,85.83,92.59,127.34,181.7,169.13,105.76,146.72,59.49,96.58,107.55,155.19,203.82,65.07,143.37,183.21,32.28
2025-05-27,165.96,304.47,236.95,281.11,71.77,74.21,39.07,292.09,197.07,233.59,28.34,299.43,255.69,85.98,85.0,91.56,125.23,179.67,168.91,104.93,147.59,60.49,97.57,108.06,156.94,204.8,65.37,142.98,185.51,32.42
2025-05-28,166.32,302.41,237.34,279.38,71.57,74.5,39.23,291.91,194.66,237.88,28.84,304.38,257.54,86.88,85.62,93.33,126.94,180.88,170.31,106.88,150.24,61.92,99.68,109.75,156.06,207.89,66.24,145.03,188.08,32.57
2025-05-29,167.32,305.08,239.89,283.26,72.48,74.98,39.56,294.65,196.52,241.59,29.08,311.24,264.91,88.36,84.75,95.24,128.13,182.17,171.89,107.82,151.64,61.58,99.11,110.03,156.83,209.09,66.02,144.27,187.55,32.63
2025-05-30,169.89,302.93,240.26,281.34,71.7,75.38,39.69,295.58,197.83,241.09,28.97,316.06,265.6,89.17,85.18,94.51,126.76,181.71,173.26,108.56,153.13,61.47,100.61,109.97,157.83,210.16,66.28,146.3,187.8,32.52
2025-06-02,170.0,302.12,246.18,284.45,72.01,75.34,39.41,294.7,198.6,244.17,29.33,319.07,267.17,90.03,85.56,96.35,127.77,183.25,172.25,109.23,154.69,61.36,100.42,110.83,156.73,212.01,66.22,146.23,186.74,32.64
2025-06-03,174.3,308.66,248.93,291.32,73.12,77.36,40.37,294.54,200.65,249.74,29.46,317.75,266.19,88.79,85.23,97.5,128.34,185.91,173.51,110.19,158.22,62.44,101.86,113.37,161.02,215.28,67.1,148.95,191.11,33.41
2025-06-04,171.9,310.88,247.15,289.69,72.36,78.4,40.33,292.2,201.23,250.44,29.41,319.54,264.94,88.46,83.96,96.28,129.3,187.37,173.25,111.21,157.95,62.26,101.73,113.08,160.48,216.52,67.11,149.55,192.38,33.51
2025-06-05,170.31,305.87,245.09,286.69,71.73,77.66,40.66,287.56,196.97,248.63,29.26,319.26,265.43,89.16,83.14,95.8,129.44,188.08,175.67,111.99,157.73,61.75,100.92,112.05,160.28,215.82,66.19,148.23,192.3,33.4
2025-06-06,171.35,307.98,249.3,289.55,72.15,77.8,41.03,284.99,197.81,249.63,28.9,314.74,264.48,88.59,82.57,95.29,128.6,188.32,174.74,110.25,160.29,62.52,101.55,112.1,161.93,217.38,67.43,149.26,192.96,33.89
2025-06-09,173.01,310.23,252.18,291.75,72.83,79.06,41.59,287.47,201.55,248.36,29.55,314.84,265.6,89.24,83.11,96.66,128.76,190.06,175.41,111.27,160.62,62.71,101.39,111.86,162.37,219.01,67.29,148.61,193.91,33.92
2025-06-10,174.53,309.66,249.53,290.37,72.32,78.81,41.29,287.94,200.61,247.87,29.6,315.58,265.91,89.69,82.82,97.7,128.88,188.84,175.86,110.8,161.68,64.07,101.86,113.12,161.9,221.28,67.4,149.01,193.72,34.28
2025-06-11,176.36,311.72,249.56,295.09,72.46,78.14,41.59,287.09,202.66,248.31,29.8,320.59,265.85,89.89,83.23,99.26,129.2,189.28,177.46,111.07,162.2,63.45,103.34,112.31,161.6,221.23,68.28,147.93,196.43,34.52
2025-06-12,177.17,310.17,250.61,293.89,73.1,77.74,41.58,286.15,201.34,249.37,29.97,324.82,264.22,90.89,85.13,99.77,131.88,190.73,177.46,111.76,164.12,63.5,103.4,113.22,162.37,223.18,68.75,149.23,197.02,34.77
2025-06-13,175.61,311.77,249.11,295.5,72.92,77.76,41.4,283.81,198.57,246.8,29.87,324.64,265.78,90.64,84.59,98.65,131.94,192.05,178.73,112.23,165.1,64.59,104.53,114.78,163.65,223.25,69.01,150.37,198.62,35.49
2025-06-16,175.82,315.0,249.4,295.89,72.47,77.47,41.58,284.15,200.06,247.54,29.78,329.79,266.92,91.83,84.9,99.73,133.67,193.78,177.31,112.94,167.36,65.42,105.95,114.64,164.21,225.58,69.75,152.88,200.28,35.91
2025-06-17,175.92,312.68,244.66,294.73,72.1,76.67,40.84,283.02,198.16,246.49,30.31,327.47,266.52,91.9,85.94,98.99,135.72,194.69,177.89,113.22,166.6,65.78,105.14,114.71,163.56,224.0,70.8,153.26,201.11,36.2
2025-06-18,173.5,314.53,239.46,290.8,71.22,76.24,40.54,280.2,196.37,242.7,29.82,326.07,265.77,92.34,85.11,98.96,134.87,195.35,178.44,113.04,165.79,66.06,105.58,114.23,161.99,223.11,71.37,154.3,199.61,35.89
2025-06-19,175.8,314.2,241.49,291.17,72.37,76.35,41.09,282.5,198.1,241.28,29.22,321.73,263.01,90.53,83.34,97.88,133.46,192.5,176.9,110.67,165.07,66.74,105.84,114.57,164.98,222.1,72.02,156.71,200.3,36.29
2025-06-20,174.15,310.77,240.36,290.85,72.53,76.85,40.97,284.03,197.31,242.27,29.28,323.31,264.53,89.82,82.77,97.91,131.92,193.25,177.75,110.86,163.26,67.04,107.19,114.88,165.89,222.98,72.48,157.09,200.88,36.62
2025-06-23,178.36,311.79,242.65,291.33,73.95,77.33,40.96,287.64,201.39,245.79,29.4,325.43,268.53,89.91,83.21,98.18,131.59,193.67,179.81,111.83,164.72,67.54,108.33,115.12,166.62,224.65,73.08,158.47,202.07,36.78
2025-06-24,184.15,320.19,248.83,297.59,75.4,78.98,41.95,290.38,203.45,249.59,29.57,326.36,272.58,89.6,83.17,99.59,132.42,195.9,183.42,112.16,165.22,67.63,107.06,114.72,167.36,225.34,73.38,158.15,201.22,37.08
2025-06-25,183.31,320.12,248.71,300.29,75.97,78.44,41.64,291.41,203.39,248.86,29.87,328.9,274.56,90.72,83.63,101.45,132.94,198.47,186.88,112.27,164.93,68.22,108.3,115.19,167.34,227.76,74.35,157.88,200.66,37.3
2025-06-26,184.54,320.69,250.78,300.17,75.13,78.29,41.68,291.04,201.9,245.77,29.72,330.29,277.05,91.7,83.49,100.95,133.64,199.78,187.9,111.12,163.58,67.88,108.17,115.38,167.06,227.72,74.23,158.28,200.77,37.27
2025-06-27,184.12,320.51,251.44,300.75,75.36,79.08,41.85,290.5,203.5,244.19,29.43,329.28,276.8,90.55,82.8,99.93,132.31,199.62,187.59,110.45,162.65,66.92,108.5,115.33,165.62,227.79,73.91,157.36,200.52,36.94
2025-06-30,183.56,320.29,250.19,301.49,76.25,78.75,41.39,286.27,202.73,242.41,29.48,329.96,273.91,89.23,82.6,99.6,131.39,196.53,187.1,110.78,162.95,66.52,108.35,114.02,166.23,227.37,72.86,156.43,200.31,36.72
2025-07-01,183.13,316.77,250.01,298.96,74.76,77.97,41.35,283.55,203.62,241.64,29.56,330.08,274.04,89.13,82.46,99.97,130.64,195.07,185.51,112.1,163.71,66.85,107.87,114.68,166.46,228.17,72.54,156.82,200.05,36.58
2025-07-02,184.55,314.4,251.1,300.83,74.48,77.63,41.3,284.16,203.51,242.42,30.1,332.32,273.11,90.19,84.03,101.16,130.93,196.6,185.71,113.45,161.79,66.27,106.3,113.73,164.55,226.3,71.88,154.35,198.89,36.22
2025-07-03,182.81,318.33,252.29,301.15,75.36,78.91,41.49,286.37,203.32,243.41,30.07,332.8,273.93,90.66,84.34,100.56,130.24,195.93,185.33,114.21,160.11,65.7,106.33,112.93,164.2,225.01,71.66,153.39,198.81,35.69
2025-07-04,182.22,318.52,253.07,304.43,75.34,79.87,41.45,289.79,205.25,243.03,30.19,333.6,275.93,90.87,84.46,101.84,130.75,197.91,186.01,116.06,159.32,65.24,107.1,112.47,165.76,226.45,71.67,151.7,198.72,35.7
2025-07-07,184.44,324.99,254.87,309.5,76.66,81.51,42.18,290.21,207.71,244.3,30.2,336.61,277.69,92.05,85.21,101.63,129.25,198.77,186.38,115.69,157.04,64.37,105.92,111.87,164.49,226.96,70.66,151.37,197.32,35.61
2025-07-08,183.71,327.06,255.68,308.49,76.69,81.42,42.33,288.12,207.63,244.89,30.22,340.43,280.56,92.6,85.86,102.48,130.47,197.72,187.05,115.17,159.19,64.88,106.64,113.47,166.49,227.4,71.23,152.31,196.64,35.69
2025-07-09,183.44,326.53,252.62,309.78,76.46,81.25,42.35,286.02,207.72,243.73,29.95,340.16,282.64,93.02,86.45,102.28,129.2,199.64,189.78,116.61,158.72,64.19,105.28,111.32,164.77,227.67,70.58,151.36,196.87,35.35
2025-07-10,187.29,335.98,257.11,314.21,78.19,82.55,42.78,293.42,213.2,248.6,29.68,335.51,280.72,92.01,85.54,102.12,128.87,200.12,187.43,115.59,160.23,64.83,107.3,112.87,168.82,231.67,72.11,153.35,199.85,36.1
2025-07-11,190.41,341.37,260.12,321.18,78.1,82.7,43.41,296.59,216.36,251.47,29.92,335.19,282.79,93.06,86.78,104.29,130.29,202.41,187.36,116.19,160.42,65.51,107.36,113.95,169.67,232.56,72.59,153.72,200.23,35.85
2025-07-14,190.02,339.7,258.48,320.99,78.23,82.65,43.62,297.44,215.81,250.51,30.01,337.4,286.79,94.47,87.17,105.02,131.88,205.54,190.24,117.27,158.69,64.61,106.65,113.3,167.1,230.55,72.25,151.26,199.85,35.46
2025-07-15,192.5,340.95,258.15,321.31,78.46,82.72,43.69,298.96,216.24,251.15,29.53,335.35,284.3,94.77,86.1,103.01,131.27,204.32,187.46,115.08,161.0,65.89,106.01,113.77,170.19,231.82,72.61,152.17,199.88,35.3
2025-07-16,194.61,338.22,258.93,323.89,77.91,82.3,44.07,300.45,215.74,253.51,29.91,338.7,284.85,95.14,86.81,103.55,132.95,203.68,186.71,115.79,160.44,65.46,104.27,113.0,168.96,231.25,72.19,151.09,200.19,34.8
2025-07-17,195.74,334.94,256.97,320.11,77.95,81.93,43.88,297.01,214.25,250.94,30.01,336.59,287.3,94.14,86.22,104.52,132.5,201.72,186.64,115.23,158.99,64.52,105.49,112.42,166.09,232.21,72.16,149.71,198.03,34.77
2025-07-18,195.33,329.46,258.61,318.09,78.46,82.49,43.55,298.59,213.14,247.53,29.88,336.79,285.91,93.71,86.67,104.45,131.57,202.27,186.61,113.16,159.59,64.85,105.84,113.5,166.06,233.62,71.69,150.52,201.23,34.69
2025-07-21,193.93,326.24,257.24,313.79,78.09,82.38,43.44,293.36,213.03,247.47,30.11,339.23,287.92,94.95,88.49,104.79,133.7,204.12,188.25,113.08,159.25,64.28,105.07,112.07,164.47,231.33,71.2,147.8,197.59,34.44
2025-07-22,192.47,327.61,257.37,314.93,78.88,82.36,43.34,295.42,214.14,247.7,30.54,341.67,290.37,95.76,88.65,105.6,135.96,206.48,189.96,113.97,160.06,64.91,106.17,112.62,165.95,233.74,71.25,148.96,196.09,34.74
2025-07-23,193.82,331.02,258.32,317.46,80.17,83.84,43.75,298.51,217.81,247.79,30.5,345.33,293.64,96.58,88.29,106.05,136.04,207.79,189.76,113.62,157.16,64.9,105.2,111.94,164.81,230.45,70.09,146.62,193.23,34.47
2025-07-24,192.36,334.21,260.52,320.24,80.43,85.05,43.93,300.06,219.23,250.31,30.74,345.77,293.55,97.28,89.05,106.24,135.13,208.04,191.02,115.33,155.58,64.34,104.21,112.21,163.91,227.82,69.92,145.39,190.51,34.03
2025-07-25,195.8,338.88,263.87,323.58,81.55,86.26,44.56,304.13,223.35,253.73,30.52,342.99,287.83,97.81,89.06,105.12,134.1,205.93,191.76,113.63,155.96,64.41,105.02,112.5,162.43,227.65,69.51,145.45,192.33,33.67
2025-07-28,194.32,335.9,261.53,323.08,80.99,85.99,44.13,302.76,223.2,251.16,30.74,344.5,291.27,98.28,89.83,105.77,134.87,207.58,193.7,113.47,158.24,64.01,104.82,112.62,163.16,230.62,68.9,145.27,189.95,33.68
2025-07-29,194.93,340.9,263.55,327.8,82.03,86.54,44.1,305.66,222.73,255.07,30.74,348.03,291.46,98.79,90.29,106.15,135.0,208.85,193.23,112.91,160.46,64.96,106.04,115.25,165.11,235.87,70.01,146.44,195.04,34.43
2025-07-30,194.77,342.77,263.25,330.08,80.86,85.89,44.32,304.9,222.82,252.58,31.31,355.22,295.27,99.9,92.17,109.2,138.17,215.69,195.78,114.41,159.01,64.91,105.87,114.83,165.58,237.43,69.25,145.57,195.65,34.26
2025-07-31,193.3,344.07,260.4,328.08,80.69,85.21,44.36,302.55,223.95,251.52,31.51,358.67,295.65,98.91,92.54,109.47,138.98,215.91,195.68,116.19,156.76,64.76,104.78,113.73,163.94,234.21,68.9,145.7,194.82,34.05
2025-08-01,191.48,343.59,263.55,327.32,80.46,84.83,44.15,296.53,223.71,249.23,31.0,357.3,291.07,97.71,92.54,107.5,136.18,213.88,195.02,113.81,157.1,65.09,103.42,114.15,164.82,233.79,69.48,146.98,195.34,34.01
2025-08-04,189.7,341.62,263.2,325.13,78.85,84.92,43.93,293.96,223.55,250.31,30.14,352.51,283.53,96.25,90.99,106.08,133.43,207.55,190.8,111.95,158.18,64.66,104.13,113.78,165.29,233.16,69.59,147.93,193.96,33.87
2025-08-05,190.13,348.78,263.81,332.2,80.77,85.93,44.4,296.19,226.07,250.87,30.18,357.34,283.98,96.56,90.32,106.62,134.05,208.27,191.12,112.06,159.32,64.98,104.9,114.6,167.6,235.98,70.25,150.69,196.35,34.5
2025-08-06,191.36,345.07,265.98,332.91,80.85,86.21,44.36,297.02,225.51,253.27,30.16,356.24,281.71,96.45,90.2,106.65,132.86,205.45,191.12,112.75,157.73,65.42,105.01,114.54,167.04,233.5,70.54,149.66,194.9,34.63
2025-08-07,187.87,337.19,261.86,328.47,79.92,84.8,44.47,292.87,222.32,248.71,30.14,357.58,284.43,95.73,90.12,107.03,133.52,205.76,192.11,112.36,159.95,66.45,105.07,114.56,166.86,235.76,70.33,150.01,196.33,34.78
2025-08-08,188.43,334.98,262.69,327.03,79.66,84.82,44.45,292.61,220.98,247.84,30.14,353.69,282.31,95.52,88.94,107.24,134.03,203.31,192.97,111.84,160.53,66.31,105.84,115.16,166.4,234.33,69.69,150.11,197.0,34.93
2025-08-11,188.28,331.79,260.38,328.03,79.12,84.57,43.96,291.87,219.31,248.36,30.37,353.78,282.81,95.38,88.2,106.6,134.08,203.59,193.05,111.56,161.95,66.68,106.95,114.46,162.56,234.58,68.98,149.62,196.21,35.22
2025-08-12,189.11,333.17,262.87,330.54,79.31,85.62,43.89,294.01,218.22,249.76,30.46,359.34,281.57,95.36,88.99,107.29,134.85,203.22,193.04,112.88,162.11,66.96,107.11,113.74,163.67,235.74,70.2,149.2,197.93,35.05
2025-08-13,189.49,336.23,259.97,330.08,78.98,85.13,43.94,295.85,217.93,249.97,30.5,359.68,279.57,95.99,89.21,107.67,134.27,202.7,192.84,111.74,159.45,66.0,106.29,112.04,160.66,231.47,69.05,146.79,197.98,34.85
2025-08-14,191.51,341.62,260.66,329.86,78.86,86.32,44.04,295.04,218.33,250.68,30.61,361.35,278.8,96.63,89.06,107.76,135.14,202.31,192.48,112.35,158.29,65.55,106.21,113.26,161.23,232.23,69.33,145.88,198.16,34.85
2025-08-15,192.21,342.74,262.09,330.26,79.12,85.86,44.03,298.26,219.36,251.35,31.22,361.75,278.72,98.37,89.83,108.49,135.14,204.36,194.61,112.41,158.34,65.43,106.4,112.4,162.43,233.75,69.24,145.79,198.12,34.69
2025-08-18,191.43,341.22,264.43,332.56,79.77,86.32,43.83,298.83,221.26,249.96,31.44,370.15,284.12,100.72,91.38,110.96,136.77,208.82,198.79,114.59,160.91,65.85,107.23,113.47,162.71,235.91,68.98,147.76,199.61,34.82
2025-08-19,189.92,339.02,264.38,332.56,79.13,85.48,43.82,296.12,220.29,248.98,31.52,373.21,282.58,99.49,90.89,112.09,138.61,211.71,199.1,113.55,157.21,64.64,105.41,112.71,161.42,233.24,67.7,144.84,197.13,34.49
2025-08-20,190.74,337.15,265.56,333.89,78.67,85.05,44.0,295.69,222.62,250.06,31.39,372.32,282.06,98.76,90.01,112.13,138.89,211.94,200.62,112.98,159.86,64.81,105.39,111.89,161.34,232.91,68.05,145.37,195.99,34.45
2025-08-21,190.11,331.79,261.76,329.04,78.65,84.43,43.83,290.45,222.41,250.2,30.74,365.58,278.95,97.86,88.45,110.38,136.42,209.05,199.35,110.89,161.0,64.61,104.81,112.44,162.42,234.6,67.59,145.07,197.21,34.5
2025-08-22,188.16,331.0,259.16,331.25,79.23,84.66,44.2,290.68,223.64,252.9,30.84,365.6,275.81,97.6,88.76,110.97,136.85,208.34,196.69,110.35,160.56,64.35,105.03,113.91,162.86,234.72,67.59,145.42,196.45,34.57
2025-08-25,189.08,332.59,261.02,333.83,78.68,85.3,44.17,289.48,222.52,254.04,30.79,360.48,275.23,96.15,88.24,110.4,136.79,209.65,194.06,109.73,160.09,64.46,105.15,113.61,162.26,232.66,67.89,145.66,197.44,34.48
2025-08-26,187.92,328.56,259.94,329.36,79.09,84.08,43.95,290.66,222.24,253.1,30.48,354.33,273.97,96.34,87.4,108.78,133.43,206.13,191.78,109.68,160.86,64.75,105.15,113.38,164.06,233.67,67.14,145.19,196.47,34.36
2025-08-27,189.05,329.52,260.7,333.56,79.13,85.55,44.03,292.51,223.12,254.75,30.66,356.95,273.87,95.93,89.12,108.97,134.68,204.97,192.18,109.99,161.88,63.63,104.89,112.08,163.6,230.93,66.37,143.99,193.79,34.0
2025-08-28,186.89,322.54,259.47,327.14,78.07,84.93,43.34,287.38,220.62,253.42,30.25,353.49,267.96,94.47,87.98,106.93,132.41,200.16,189.34,109.08,159.57,62.69,104.05,111.85,160.47,228.2,65.78,142.36,188.58,33.69
2025-08-29,189.82,325.93,260.05,328.49,79.59,86.25,43.97,291.16,222.06,255.75,30.29,355.62,271.85,95.83,87.81,107.77,133.93,202.43,189.98,112.01,158.05,61.88,103.45,112.74,158.92,226.68,65.92,141.75,187.36,33.67
2025-09-01,190.42,329.29,263.9,331.76,80.41,87.12,44.51,293.96,224.13,260.19,30.81,355.22,273.63,95.98,88.1,108.61,135.28,203.5,188.69,111.81,159.82,61.0,104.3,113.37,160.8,227.32,65.26,142.47,189.43,33.99
2025-09-02,189.24,328.35,261.99,328.38,80.5,86.02,43.99,289.9,220.28,258.27,31.14,356.76,272.01,96.77,89.45,108.73,135.5,205.12,191.67,112.1,157.72,60.83,104.29,112.88,159.48,227.72,65.24,141.23,188.71,33.55
2025-09-03,190.61,329.14,262.12,329.24,80.74,86.8,44.33,290.84,222.34,260.18,31.04,355.92,271.25,96.92,89.11,108.26,137.04,206.35,190.77,112.5,158.07,61.13,104.7,114.2,160.66,228.85,66.05,142.33,190.08,33.84
2025-09-04,190.51,329.11,260.94,327.05,79.99,85.65,43.84,288.79,221.15,258.16,30.3,355.21,270.75,96.48,89.67,107.03,138.01,204.19,190.17,111.04,157.88,61.24,104.56,114.73,160.87,228.2,65.81,143.07,189.32,34.04
2025-09-05,192.93,327.27,263.87,333.57,80.78,86.74,44.55,291.16,223.6,258.47,30.4,357.58,272.92,97.72,89.8,107.27,140.54,205.41,191.73,111.77,157.01,61.9,104.43,113.99,160.34,224.93,65.34,141.67,189.32,33.77
2025-09-08,194.73,332.85,268.05,336.91,81.77,86.82,44.95,292.29,226.67,265.43,30.62,353.75,271.97,97.66,89.73,106.6,140.5,203.34,190.01,111.88,155.67,61.89,103.08,114.78,159.01,223.72,65.22,140.6,188.7,33.75
2025-09-09,196.69,337.04,270.0,339.32,83.79,88.34,45.2,295.72,228.68,268.09,30.31,350.79,273.9,97.8,88.03,106.97,141.03,202.32,190.36,110.97,155.16,62.55,103.19,113.55,158.89,223.52,65.72,140.69,188.29,34.0
2025-09-10,197.01,335.4,272.02,340.2,83.91,88.58,44.95,294.9,228.77,267.83,30.71,354.17,278.0,98.81,89.59,108.51,142.74,204.73,191.43,112.61,155.41,62.41,104.07,112.83,158.52,225.11,65.93,140.85,188.86,34.09
2025-09-11,194.12,331.57,272.63,336.42,83.1,87.56,44.55,291.25,227.46,265.88,30.91,352.44,277.4,98.62,89.81,107.91,143.49,206.35,190.32,112.25,154.45,63.48,104.12,114.51,157.98,224.46,65.82,140.36,188.82,33.98
2025-09-12,192.61,333.14,274.83,339.19,83.65,87.92,44.56,290.32,228.57,264.53,30.63,353.85,280.83,99.1,90.75,108.16,142.73,207.73,191.63,112.69,154.24,63.94,103.63,113.94,156.78,224.17,65.21,139.34,187.32,33.8
2025-09-15,189.84,330.55,275.1,337.58,84.09,88.41,44.69,290.0,228.26,265.48,30.51,347.83,279.69,97.64,89.38,107.12,141.27,203.77,189.77,112.21,152.33,64.09,102.01,114.84,155.7,223.38,64.1,138.44,186.47,33.58
2025-09-16,188.85,327.08,275.8,336.46,84.7,87.95,44.47,290.87,225.38,262.55,30.84,346.72,276.68,98.86,88.68,107.27,141.39,200.04,189.1,112.33,152.79,64.65,102.15,115.82,155.66,222.05,63.68,137.24,187.73,33.26
2025-09-17,189.45,327.05,275.94,340.1,84.7,88.55,44.62,291.51,229.58,261.28,31.27,351.54,278.62,100.97,88.61,107.94,141.53,202.24,189.3,113.52,152.81,64.46,102.4,115.63,154.46,226.02,63.56,135.34,186.53,32.94
2025-09-18,191.1,329.65,278.51,341.63,85.1,88.88,44.86,294.85,231.58,263.9,31.47,355.61,281.19,102.01,90.08,108.49,141.98,202.29,190.92,112.97,153.85,64.72,103.73,115.87,155.14,229.03,64.59,135.79,188.14,33.25
2025-09-19,191.89,329.83,281.69,338.56,84.98,89.24,45.07,298.11,234.13,264.4,31.91,356.63,284.97,104.2,91.86,109.94,143.47,202.72,193.47,113.42,153.01,63.97,102.78,115.07,154.39,226.64,64.61,134.78,185.99,33.08
2025-09-22,195.77,334.77,284.66,339.09,85.71,90.27,45.4,297.68,234.78,269.07,32.42,357.76,288.58,104.26,93.43,111.11,145.72,202.4,196.03,114.46,154.74,64.94,103.92,115.8,156.75,228.97,64.91,135.27,185.86,33.23
2025-09-23,198.02,337.61,285.7,343.26,85.87,90.94,45.66,301.23,234.0,269.2,31.94,354.04,288.53,103.19,92.4,110.87,145.73,201.02,195.69,112.97,156.88,66.6,105.84,115.88,158.08,232.64,65.53,138.07,189.02,33.52
2025-09-24,198.16,335.4,284.71,341.06,86.3,92.09,45.23,297.08,233.05,265.81,31.95,356.17,292.4,103.88,92.79,109.96,146.23,201.78,197.19,112.87,156.25,65.67,103.37,113.69,154.36,229.75,64.36,135.54,184.92,32.29
2025-09-25,201.26,335.89,285.68,339.44,87.18,92.61,45.19,297.48,236.55,266.97,31.92,353.53,287.54,103.08,92.38,110.09,143.26,198.81,194.84,111.91,155.99,65.54,103.54,112.89,155.05,230.23,64.19,136.91,186.95,32.54
2025-09-26,195.35,334.19,283.67,340.44,87.21,92.98,45.23,298.88,238.93,266.84,31.43,349.42,285.46,102.18,90.73,107.7,140.78,197.3,194.46,111.32,157.38,65.8,102.66,112.62,154.81,229.42,64.18,137.23,187.97,32.49
2025-09-29,191.74,329.25,280.24,339.2,85.95,92.27,44.83,295.87,237.93,263.09,31.21,347.73,282.75,101.93,89.81,107.2,139.85,196.39,192.73,110.39,157.2,65.8,102.56,113.89,153.99,229.42,63.52,137.44,186.44,32.38
2025-09-30,191.11,329.39,278.82,337.05,86.56,92.34,44.62,294.94,240.16,262.54,31.0,344.51,279.95,100.79,88.31,105.38,137.6,194.95,190.16,109.01,158.95,66.88,103.35,114.43,154.34,232.18,63.93,138.14,186.81,32.44
2025-10-01,191.8,326.69,280.43,335.9,86.43,91.44,44.53,293.7,239.54,264.52,31.06,342.73,278.15,100.95,88.96,105.57,138.27,195.9,192.21,107.85,160.04,67.69,103.05,114.2,153.88,231.47,63.8,138.48,188.08,32.73
2025-10-02,190.27,323.0,281.16,335.94,86.17,91.42,44.39,293.87,238.4,264.26,30.6,337.8,273.71,99.44,87.25,103.71,134.86,193.51,189.13,104.98,158.33,67.37,101.99,112.79,152.5,230.03,62.67,137.67,185.38,32.41
2025-10-03,190.28,321.7,278.64,334.09,86.82,90.4,44.75,292.83,237.98,261.83,30.36,334.88,269.94,98.48,86.26,104.08,132.85,192.06,187.92,103.41,159.2,67.33,100.27,112.93,150.94,227.5,62.65,136.76,185.67,32.54
2025-10-06,189.13,322.62,276.78,338.57,86.47,91.03,45.06,293.97,237.39,261.97,29.74,331.44,267.56,97.52,83.6,101.73,130.14,189.35,185.31,101.68,159.91,66.91,100.61,113.32,151.46,227.5,63.5,137.58,185.04,32.67
